day,hour,Final Reading, belief,disbelief,uncertainity,atomicity,expectation
20170616,3,11.973139822077421,0.96800280533,0.0,0.03199719467,0.5,0.98400140267
20170616,4,9.445844137372292,0.95566021705,0.0,0.04433978295,0.5,0.97783010853
20170616,5,7.506083597449726,0.94536392994,0.0,0.05463607006,0.5,0.97268196497
20170616,6,6.189037493733885,0.86079259864,0.0,0.13920740136,0.5,0.93039629932
20170616,7,3.5178439462485542,0.84599140451,0.0,0.15400859549,0.5,0.92299570226
20170616,8,2.439928344797932,0.86760180601,0.0,0.13239819399,0.5,0.93380090301
20170616,9,1.9844020294017486,0.907192925,0.0,0.092807075,0.5,0.9535964625
20170616,10,1.504166414093785,0.92313590517,0.0,0.07686409483,0.5,0.96156795259
20170616,11,1.445500003003931,0.92987924619,0.0,0.07012075381,0.5,0.96493962309
20170616,12,1.372485893188741,0.93474690919,0.0,0.06525309081,0.5,0.9673734546
20170616,13,1.7470555256537015,0.93684270333,0.0,0.06315729667,0.5,0.96842135167
20170616,14,2.1785007336357713,0.93895915397,0.0,0.06104084603,0.5,0.96947957699
20170616,15,6.9302320709032506,0.94191245594,0.0,0.05808754406,0.5,0.97095622797
20170616,16,5.002377332848678,0.67500621999,0.0,0.32499378001,0.5,0.83750311
20170616,17,2.9056433854617585,0.59332129464,0.0,0.40667870536,0.5,0.79666064732
20170616,18,6.26786617894677,0.81532045532,0.0,0.18467954468,0.5,0.90766022766