day,hour,Final Reading, belief,disbelief,uncertainity,atomicity,expectation
20170618,3,119.27268694761118,0.98132213337,0.0,0.01867786663,0.5,0.99066106669
20170618,4,10.237547222514852,0.37327293454,0.0,0.62672706546,0.5,0.68663646727
20170618,5,10.764022483903837,0.38932950051,0.0,0.61067049949,0.5,0.69466475026
20170618,6,14.595603987321233,0.50637901582,0.0,0.49362098418,0.5,0.75318950791
20170618,7,11.576797756147762,0.54243331117,0.0,0.45756668883,0.5,0.77121665559
20170618,8,8.68991668400448,0.65300941534,0.0,0.34699058466,0.5,0.82650470767
20170618,9,3.673511472959354,0.68804829051,0.0,0.31195170949,0.5,0.84402414526
20170618,10,4.788289630601822,0.70268711343,0.0,0.29731288657,0.5,0.85134355672
20170618,11,2.2791245868199614,0.72216219801,0.0,0.27783780199,0.5,0.86108109901
20170618,12,2.2760000512458785,0.74166052902,0.0,0.25833947098,0.5,0.87083026451
20170618,13,2.358651967613248,0.75251811233,0.0,0.24748188767,0.5,0.87625905617
20170618,14,2.2827581437012583,0.75147086184,0.0,0.24852913816,0.5,0.87573543092
20170618,15,123.55377812351115,0.76721648303,0.0,0.23278351697,0.5,0.88360824152
20170618,16,2.0045648963986964,0.23116310619,0.0,0.76883689381,0.5,0.61558155309
20170618,17,2.0582614154108594,0.35489268837,0.0,0.64510731163,0.5,0.67744634419
20170618,18,2.2954101712714783,0.3609167577,0.0,0.6390832423,0.5,0.68045837885
20170618,19,2.7220195408490784,0.3662941462,0.0,0.6337058538,0.5,0.6831470731
20170618,20,3.253825860191811,0.37152970622,0.0,0.62847029378,0.5,0.68576485311
20170618,21,3.5483838867664166,0.37923173414,0.0,0.62076826586,0.5,0.68961586707
20170618,22,3.43058548492786,0.38637636191,0.0,0.61362363809,0.5,0.69318818096
20170618,23,3.603085302978552,0.39183440464,0.0,0.60816559536,0.5,0.69591720232
20170619,0,3.7083767987757326,0.40075483386,0.0,0.59924516614,0.5,0.70037741693
20170619,1,4.534339168916485,0.42014685091,0.0,0.57985314909,0.5,0.71007342546
20170619,2,4.089960728698502,0.43239674323,0.0,0.56760325677,0.5,0.71619837162
20170619,3,134.13068289626756,0.46090065885,0.0,0.53909934115,0.5,0.73045032943