day,hour,Final Reading, belief,disbelief,uncertainity,atomicity,expectation
20170624,3,40.13184572375557,0.97114689547,0.0,0.02885310453,0.5,0.98557344774
20170624,4,36.487791062010224,0.63981514961,0.0,0.36018485039,0.5,0.81990757481