day,hour,Final Reading, belief,disbelief,uncertainity,atomicity,expectation
20170624,3,40.131845723755575,0.97114689548,0.0,0.02885310452,0.5,0.98557344774
20170624,4,36.48779106201022,0.63981514961,0.0,0.36018485039,0.5,0.81990757481