day,hour,Final Reading, belief,disbelief,uncertainity,atomicity,expectation
20170624,3,121.99567180900239,0.98797942754,0.0,0.01202057246,0.5,0.99398971377
20170624,4,11.9899123419589,0.53956562595,0.0,0.46043437405,0.5,0.76978281298
20170624,5,10.207195725917767,0.59613626355,0.0,0.40386373645,0.5,0.79806813178
20170624,6,8.92341937353246,0.65543149197,0.0,0.34456850803,0.5,0.82771574599
20170624,7,7.852828152415524,0.690581398,0.0,0.309418602,0.5,0.845290699
20170624,8,8.240049426065344,0.72338849156,0.0,0.27661150844,0.5,0.86169424578
20170624,9,8.84650304768323,0.75458778819,0.0,0.24541221181,0.5,0.8772938941
20170624,10,8.465537149291702,0.80329442819,0.0,0.19670557181,0.5,0.9016472141
20170624,11,8.458568150755406,0.83123336501,0.0,0.16876663499,0.5,0.91561668251
20170624,12,8.858292386010781,0.857387105,0.0,0.142612895,0.5,0.9286935525
20170624,13,8.722708330122853,0.87785173859,0.0,0.12214826141,0.5,0.9389258693
20170624,14,8.360699783778914,0.89395980996,0.0,0.10604019004,0.5,0.94697990498
20170624,15,108.20798990801289,0.90601033647,0.0,0.09398966353,0.5,0.95300516823