day,hour,Final Reading, belief,disbelief,uncertainity,atomicity,expectation
20170710,3,97.12183715558906,0.95739532441,0.0,0.04260467559,0.5,0.97869766221