day,hour,Final Reading, belief,disbelief,uncertainity,atomicity,expectation
20170710,3,115.31092287628309,0.95739532441,0.0,0.04260467559,0.5,0.97869766221