day,hour,Final Reading, belief,disbelief,uncertainity,atomicity,expectation
20170608,13,61.301184946524664,0.9307659023,0.0,0.0692340977,0.5,0.96538295115
20170608,14,76.34708022384451,0.63964559991,0.0,0.36035440009,0.5,0.81982279996
20170608,15,1.4175300375960238,0.2162355656,0.0,0.7837644344,0.5,0.6081177828
20170608,16,68.64371782255982,0.5578680138,0.0,0.4421319862,0.5,0.7789340069