day,hour,Final Reading, belief,disbelief,uncertainity,atomicity,expectation
20170616,3,37.230267687908125,0.97261624425,0.0,0.02738375575,0.5,0.98630812213
20170616,4,38.94540505323658,0.76041293947,0.0,0.23958706053,0.5,0.88020646974
20170616,5,53.10590041575786,0.7717180974,0.0,0.2282819026,0.5,0.8858590487
20170616,6,53.44439751032753,0.80830663192,0.0,0.19169336808,0.5,0.90415331596
20170616,7,52.97624010698267,0.83834539747,0.0,0.16165460253,0.5,0.91917269874
20170616,8,2.214342445025721,0.86398129951,0.0,0.13601870049,0.5,0.93199064976
20170616,9,1.8324205259613855,0.86988583602,0.0,0.13011416398,0.5,0.93494291801
20170616,10,1.353399462964305,0.87130298399,0.0,0.12869701601,0.5,0.935651492
20170616,11,1.4684611158907306,0.86995491678,0.0,0.13004508322,0.5,0.93497745839
20170616,12,1.243985009410889,0.86783823258,0.0,0.13216176742,0.5,0.93391911629
20170616,13,1.744857015446365,0.87816340063,0.0,0.12183659937,0.5,0.93908170032
20170616,14,2.1971553682036165,0.88624998529,0.0,0.11375001471,0.5,0.94312499265
20170616,15,2.3937249796619704,0.89394195698,0.0,0.10605804302,0.5,0.94697097849
20170616,16,2.4566713034251886,0.90746996254,0.0,0.09253003746,0.5,0.95373498127
20170616,17,2.3672071459475545,0.91942968213,0.0,0.08057031787,0.5,0.95971484107
20170616,18,2.456712399118074,0.92218894215,0.0,0.07781105785,0.5,0.96109447108
20170616,19,2.600534312833898,0.93325869112,0.0,0.06674130888,0.5,0.96662934556
20170616,20,3.212720613710584,0.93604741997,0.0,0.06395258003,0.5,0.96802370999
20170616,21,3.696814911940376,0.94396195698,0.0,0.05603804302,0.5,0.97198097849
20170616,22,4.2085837410268505,0.95629975749,0.0,0.04370024251,0.5,0.97814987874
20170616,23,3.8483808706769134,0.96449409397,0.0,0.03550590603,0.5,0.98224704699
20170617,0,3.938910957464529,0.9638808823,0.0,0.0361191177,0.5,0.98194044115
20170617,1,4.779336652060507,0.96440647755,0.0,0.03559352245,0.5,0.98220323878
20170617,2,5.0945407926648985,0.96524543359,0.0,0.03475456641,0.5,0.9826227168
20170617,3,31.005506734092197,0.97041165839,0.0,0.02958834161,0.5,0.9852058292
20170617,4,25.05543986315915,0.53773940776,0.0,0.46226059224,0.5,0.76886970388