day,hour,Final Reading, belief,disbelief,uncertainity,atomicity,expectation
20170613,3,25.626104058757946,0.96258309838,0.0,0.03741690162,0.5,0.98129154919
20170613,4,2.99539566034118,0.38410460273,0.0,0.61589539727,0.5,0.69205230137
20170613,5,3.415216312466353,0.41002394987,0.0,0.58997605013,0.5,0.70501197494
20170613,6,33.68959712690646,0.55836541561,0.0,0.44163458439,0.5,0.77918270781