day,hour,Final Reading, belief,disbelief,uncertainity,atomicity,expectation
20170616,3,16.104710698857968,0.9643128957,0.0,0.0356871043,0.5,0.98215644785
20170616,4,14.279225642380327,0.95872796681,0.0,0.04127203319,0.5,0.97936398341
20170616,5,3.1826354273552204,0.9570915595,0.0,0.0429084405,0.5,0.97854577975
20170616,6,3.5384637949776607,0.94910750186,0.0,0.05089249814,0.5,0.97455375093
20170616,7,3.038509170736099,0.94643332779,0.0,0.05356667221,0.5,0.9732166639
20170616,8,2.291894199505629,0.94693167068,0.0,0.05306832932,0.5,0.97346583534
20170616,9,10.402988396629622,0.94677848442,0.0,0.05322151558,0.5,0.97338924221
20170616,10,16.387016579566602,0.6045859397,0.0,0.3954140603,0.5,0.80229296985
20170616,11,1.461469675468599,0.63226095581,0.0,0.36773904419,0.5,0.81613047791
20170616,12,1.3016942862535243,0.74003951904,0.0,0.25996048096,0.5,0.87001975952
20170616,13,1.6574609044834843,0.78059105222,0.0,0.21940894778,0.5,0.89029552611
20170616,14,2.199186071254398,0.79599808296,0.0,0.20400191704,0.5,0.89799904148
20170616,15,10.844443938796127,0.88982798945,0.0,0.11017201055,0.5,0.94491399473