day,hour,Final Reading, belief,disbelief,uncertainity,atomicity,expectation
20170613,3,95.14562816557176,0.94624138994,0.0,0.05375861006,0.5,0.97312069497