day,hour,Final Reading, belief,disbelief,uncertainity,atomicity,expectation
20170613,3,76.3270971473661,0.94624138994,0.0,0.05375861006,0.5,0.97312069497