day,hour,Final Reading, belief,disbelief,uncertainity,atomicity,expectation
20170710,3,96.85083653591448,0.97190146282,0.0,0.02809853718,0.5,0.98595073141