day,hour,Final Reading, belief,disbelief,uncertainity,atomicity,expectation
20170710,3,116.15042679577849,0.97190146282,0.0,0.02809853718,0.5,0.98595073141