day,hour,Final Reading, belief,disbelief,uncertainity,atomicity,expectation
20170616,3,87.60046149989203,0.96800280533,0.0,0.03199719467,0.5,0.98400140267