day,hour,Final Reading, belief,disbelief,uncertainity,atomicity,expectation
20170616,3,37.23026768790813,0.97261624425,0.0,0.02738375575,0.5,0.98630812213
20170616,4,38.94540505323658,0.76041293948,0.0,0.23958706052,0.5,0.88020646974
20170616,5,53.10590041575786,0.7717180974,0.0,0.2282819026,0.5,0.8858590487
20170616,6,53.444397510327526,0.80830663192,0.0,0.19169336808,0.5,0.90415331596
20170616,7,2.976240106982672,0.83834539747,0.0,0.16165460253,0.5,0.91917269874
20170616,8,2.2148233162143027,0.85615711714,0.0,0.14384288286,0.5,0.92807855857
20170616,9,1.8329689233132482,0.86414386041,0.0,0.13585613959,0.5,0.93207193021
20170616,10,1.3536966475200678,0.86677200141,0.0,0.13322799859,0.5,0.93338600071
20170616,11,1.4685293151660255,0.86626493526,0.0,0.13373506474,0.5,0.93313246763
20170616,12,1.244230847473541,0.86490885934,0.0,0.13509114066,0.5,0.93245442967
20170616,13,1.7449313191125173,0.87622633366,0.0,0.12377366634,0.5,0.93811316683
20170616,14,2.1972809081121136,0.88497258369,0.0,0.11502741631,0.5,0.94248629185
20170616,15,2.4065295764907093,0.89647074261,0.0,0.10352925739,0.5,0.94823537131
20170616,16,2.506682205236036,0.91810473836,0.0,0.08189526164,0.5,0.95905236918
20170616,17,2.4361756536133146,0.92465543,0.0,0.07534457,0.5,0.962327715
20170616,18,2.4916980903204933,0.93311189499,0.0,0.06688810501,0.5,0.9665559475
20170616,19,2.6042082174843673,0.93788457612,0.0,0.06211542388,0.5,0.96894228806
20170616,20,3.2104848999036846,0.94078031042,0.0,0.05921968958,0.5,0.97039015521
20170616,21,3.6906648064124448,0.94834171195,0.0,0.05165828805,0.5,0.97417085598
20170616,22,4.205307098789172,0.9597387039,0.0,0.0402612961,0.5,0.97986935195
20170616,23,3.851135219162746,0.96705031515,0.0,0.03294968485,0.5,0.98352515757
20170617,0,3.9402642112390485,0.96582299801,0.0,0.03417700199,0.5,0.98291149901
20170617,1,4.7796135191588425,0.96588541611,0.0,0.03411458389,0.5,0.98294270806
20170617,2,5.0949065507795055,0.96631176915,0.0,0.03368823085,0.5,0.98315588458
20170617,3,30.95745223219667,0.97113549369,0.0,0.02886450631,0.5,0.98556774685
20170617,4,25.04627431413472,0.53764802427,0.0,0.46235197573,0.5,0.76882401214