day,hour,Final Reading, belief,disbelief,uncertainity,atomicity,expectation
20170616,3,32.01414605145398,0.97261624425,0.0,0.02738375575,0.5,0.98630812213
20170616,4,5.519352530360206,0.54164202028,0.0,0.45835797972,0.5,0.77082101014
20170616,5,3.0504081664745577,0.76841169119,0.0,0.23158830881,0.5,0.8842058456
20170616,6,3.3914919517695044,0.79769338453,0.0,0.20230661547,0.5,0.89884669227
20170616,7,2.9713133611808167,0.8303617569,0.0,0.1696382431,0.5,0.91518087845
20170616,8,2.2963338913524076,0.86452901524,0.0,0.13547098476,0.5,0.93226450762
20170616,9,25.113815791963773,0.88587085838,0.0,0.11412914162,0.5,0.94293542919