day,hour,Final Reading, belief,disbelief,uncertainity,atomicity,expectation
20170624,3,121.99567180900239,0.98797942754,0.0,0.01202057246,0.5,0.99398971377
20170624,4,127.07695183769737,0.53956562595,0.0,0.46043437405,0.5,0.76978281298