day,hour,Final Reading, belief,disbelief,uncertainity,atomicity,expectation
20170613,3,8.35415347367675,0.95279284253,0.0,0.04720715747,0.5,0.97639642127
20170613,4,4.375830525327503,0.76872101847,0.0,0.23127898153,0.5,0.88436050924
20170613,5,8.236953658011696,0.84537480775,0.0,0.15462519225,0.5,0.92268740387
20170613,6,3.547189533961615,0.64497204477,0.0,0.35502795523,0.5,0.82248602239
20170613,7,5.8048789406607515,0.76958580032,0.0,0.23041419968,0.5,0.88479290016
20170613,8,8.69877727043191,0.79727617577,0.0,0.20272382423,0.5,0.89863808789
20170613,9,8.805320839974186,0.53011857964,0.0,0.46988142036,0.5,0.76505928982