day,hour,Final Reading, belief,disbelief,uncertainity,atomicity,expectation
20170616,3,15.48106169719745,0.97996040896,0.0,0.02003959104,0.5,0.98998020448
20170616,4,13.378551927558956,0.97104971423,0.0,0.02895028577,0.5,0.98552485712
20170616,5,11.777452822123498,0.9643075526,0.0,0.0356924474,0.5,0.9821537763
20170616,6,12.078508848313545,0.91657288382,0.0,0.08342711618,0.5,0.95828644191
20170616,7,13.201591684230399,0.86223943881,0.0,0.13776056119,0.5,0.93111971941
20170616,8,2.2459714928748595,0.87453656717,0.0,0.12546343283,0.5,0.93726828358
20170616,9,1.9804410006169375,0.88292313891,0.0,0.11707686109,0.5,0.94146156946
20170616,10,1.4983471044631846,0.89481649238,0.0,0.10518350762,0.5,0.94740824619
20170616,11,1.4566078295266314,0.90539155438,0.0,0.09460844562,0.5,0.95269577719
20170616,12,1.3649884626957656,0.91347916182,0.0,0.08652083818,0.5,0.95673958091
20170616,13,1.6992487682747175,0.91412499848,0.0,0.08587500152,0.5,0.95706249924
20170616,14,2.1198542620067955,0.91774903452,0.0,0.08225096548,0.5,0.95887451726
20170616,15,2.3750914284490565,0.92145382008,0.0,0.07854617992,0.5,0.96072691004
20170616,16,2.45745764544134,0.92617782169,0.0,0.07382217831,0.5,0.96308891084
20170616,17,2.4043332425147423,0.93010425462,0.0,0.06989574538,0.5,0.96505212731
20170616,18,2.489899062127841,0.93906577041,0.0,0.06093422959,0.5,0.9695328852
20170616,19,2.6035942659497695,0.94385426925,0.0,0.05614573075,0.5,0.97192713463
20170616,20,3.2008857312286514,0.94679315607,0.0,0.05320684393,0.5,0.97339657804
20170616,21,11.911554626015935,0.95320355432,0.0,0.04679644568,0.5,0.97660177716
20170616,22,12.58638971731613,0.84873683552,0.0,0.15126316448,0.5,0.92436841776
20170616,23,11.626194374645094,0.77903269795,0.0,0.22096730205,0.5,0.88951634898
20170617,0,11.724532838602556,0.64540936866,0.0,0.35459063134,0.5,0.82270468433