day,hour,Final Reading, belief,disbelief,uncertainity,atomicity,expectation
20170625,3,85.69748453008395,0.97958692347,0.0,0.02041307653,0.5,0.98979346174