day,hour,Final Reading, belief,disbelief,uncertainity,atomicity,expectation
20170625,3,106.4906647605328,0.97958692346,0.0,0.02041307654,0.5,0.98979346173