day,hour,Final Reading, belief,disbelief,uncertainity,atomicity,expectation
20170624,3,36.602558102305764,0.98341286998,0.0,0.01658713002,0.5,0.99170643499
20170624,4,32.821767681336496,0.82358650549,0.0,0.17641349451,0.5,0.91179325275
20170624,5,18.376065774126225,0.62618604946,0.0,0.37381395054,0.5,0.81309302473
20170624,6,16.600641576292468,0.67553663897,0.0,0.32446336103,0.5,0.83776831949
20170624,7,7.8169710610475684,0.73734255667,0.0,0.26265744333,0.5,0.86867127834
20170624,8,8.203921723344886,0.81513543177,0.0,0.18486456823,0.5,0.90756771589
20170624,9,8.809599551122385,0.86609475311,0.0,0.13390524689,0.5,0.93304737655
20170624,10,8.477220066697248,0.89861952471,0.0,0.10138047529,0.5,0.94930976236
20170624,11,8.417486573225391,0.92113081486,0.0,0.07886918514,0.5,0.96056540743
20170624,12,8.624923157841597,0.9367480985,0.0,0.0632519015,0.5,0.96837404925
20170624,13,8.712488662987388,0.94150669881,0.0,0.05849330119,0.5,0.97075334941
20170624,14,8.333319360332515,0.94907865161,0.0,0.05092134839,0.5,0.97453932581
20170624,15,27.02061478042644,0.95349021951,0.0,0.04650978049,0.5,0.97674510976
20170624,16,21.098536723282248,0.65224668395,0.0,0.34775331605,0.5,0.82612334198
20170624,17,22.37120918639834,0.53113746961,0.0,0.46886253039,0.5,0.76556873481