day,hour,Final Reading, belief,disbelief,uncertainity,atomicity,expectation
20170616,3,67.89793975465872,0.9643128957,0.0,0.0356871043,0.5,0.98215644785