day,hour,Final Reading, belief,disbelief,uncertainity,atomicity,expectation
20170624,3,77.60661112165059,0.97114689548,0.0,0.02885310452,0.5,0.98557344774