day,hour,Final Reading, belief,disbelief,uncertainity,atomicity,expectation
20170623,3,97.10420627312217,0.98977793735,0.0,0.01022206265,0.5,0.99488896868
20170623,4,44.31266965085729,0.6940080852,0.0,0.3059919148,0.5,0.8470040426
20170623,5,64.89760615228067,0.75858545867,0.0,0.24141454133,0.5,0.87929272934
20170623,6,13.766287551040472,0.66021822722,0.0,0.33978177278,0.5,0.83010911361
20170623,7,12.264913299996111,0.67486648026,0.0,0.32513351974,0.5,0.83743324013
20170623,8,10.92815062954835,0.69446210764,0.0,0.30553789236,0.5,0.84723105382
20170623,9,11.868048413224226,0.71345451833,0.0,0.28654548167,0.5,0.85672725916
20170623,10,12.124743888297514,0.7317255001,0.0,0.2682744999,0.5,0.86586275005
20170623,11,13.041905652190342,0.75074303268,0.0,0.24925696732,0.5,0.87537151634
20170623,12,41.4595204966654,0.78521147738,0.0,0.21478852262,0.5,0.89260573869
20170623,13,79.0963888773327,0.87815340683,0.0,0.12184659317,0.5,0.93907670342
20170623,14,11.231559574233335,0.57482864456,0.0,0.42517135544,0.5,0.78741432228
20170623,15,11.3877367177839,0.59681723775,0.0,0.40318276225,0.5,0.79840861887
20170623,16,41.47682806311696,0.92488676772,0.0,0.07511323228,0.5,0.96244338386
20170623,17,76.67249985026228,0.78516811801,0.0,0.21483188199,0.5,0.89258405901
20170623,18,10.515928776975155,0.47443629528,0.0,0.52556370472,0.5,0.73721814764
20170623,19,11.939793635264886,0.49289555382,0.0,0.50710444618,0.5,0.74644777691
20170623,20,13.61765544076039,0.51708594448,0.0,0.48291405552,0.5,0.75854297224
20170623,21,14.704829717953046,0.54178308061,0.0,0.45821691939,0.5,0.77089154031
20170623,22,14.455018114291237,0.57324929888,0.0,0.42675070112,0.5,0.78662464944
20170623,23,54.35644931371847,0.62400397049,0.0,0.37599602951,0.5,0.81200198525
20170624,0,55.146149704057116,0.54080893574,0.0,0.45919106426,0.5,0.77040446787
20170624,1,65.22107244151836,0.42532060277,0.0,0.57467939723,0.5,0.71266030139