day,hour,Final Reading, belief,disbelief,uncertainity,atomicity,expectation
20170616,3,22.146538125093883,0.96800280533,0.0,0.03199719467,0.5,0.98400140267
20170616,4,4.932702724798027,0.72702742168,0.0,0.27297257832,0.5,0.86351371084
20170616,5,12.432375712182411,0.86417199261,0.0,0.13582800739,0.5,0.93208599631
20170616,6,8.292597543973299,0.85831698846,0.0,0.14168301154,0.5,0.92915849423
20170616,7,3.0403106001273223,0.93286330043,0.0,0.06713669957,0.5,0.96643165022
20170616,8,2.3124259635513766,0.93280199608,0.0,0.06719800392,0.5,0.96640099804
20170616,9,1.9205141404486936,0.93241737351,0.0,0.06758262649,0.5,0.96620868676
20170616,10,1.4696389274649542,0.93475843655,0.0,0.06524156345,0.5,0.96737921828
20170616,11,1.3732300790920473,0.9349640915,0.0,0.0650359085,0.5,0.96748204575
20170616,12,1.3264240645416474,0.93319586144,0.0,0.06680413856,0.5,0.96659793072
20170616,13,1.6974731167300752,0.93298179669,0.0,0.06701820331,0.5,0.96649089835
20170616,14,2.171773553951803,0.93365920361,0.0,0.06634079639,0.5,0.96682960181
20170616,15,15.15890204584479,0.93723462405,0.0,0.06276537595,0.5,0.96861731203