day,hour,Final Reading, belief,disbelief,uncertainity,atomicity,expectation
20170616,3,22.146538125093883,0.96800280533,0.0,0.03199719467,0.5,0.98400140267
20170616,4,4.932702724798027,0.72702742168,0.0,0.27297257832,0.5,0.86351371084
20170616,5,12.432375712182411,0.86417199261,0.0,0.13582800739,0.5,0.93208599631
20170616,6,3.3977447658960735,0.85831698847,0.0,0.14168301153,0.5,0.92915849424
20170616,7,2.9721971969466146,0.88310478189,0.0,0.11689521811,0.5,0.94155239095
20170616,8,2.2467571203492107,0.90226585084,0.0,0.09773414916,0.5,0.95113292542
20170616,9,1.8546975490111015,0.91669177623,0.0,0.08330822377,0.5,0.95834588812
20170616,10,1.4123669026153527,0.92142533985,0.0,0.07857466015,0.5,0.96071266993
20170616,11,1.372789623720273,0.92551621269,0.0,0.07448378731,0.5,0.96275810634
20170616,12,1.3188711277055976,0.92876462575,0.0,0.07123537425,0.5,0.96438231288
20170616,13,1.7387072391884697,0.93303554478,0.0,0.06696445522,0.5,0.96651777239
20170616,14,2.170944318483454,0.93590847114,0.0,0.06409152886,0.5,0.96795423557
20170616,15,15.436655649700294,0.93947883719,0.0,0.06052116281,0.5,0.9697394186