day,hour,Final Reading, belief,disbelief,uncertainity,atomicity,expectation
20170613,3,76.07876074530984,0.94997785553,0.0,0.05002214447,0.5,0.97498892777