day,hour,Final Reading, belief,disbelief,uncertainity,atomicity,expectation
20170613,3,114.0584966686274,0.94997785552,0.0,0.05002214448,0.5,0.97498892776