day,hour,Final Reading, belief,disbelief,uncertainity,atomicity,expectation
20170616,3,15.48106169719745,0.97996040896,0.0,0.02003959104,0.5,0.98998020448
20170616,4,13.378551927558956,0.97104971423,0.0,0.02895028577,0.5,0.98552485712
20170616,5,11.777452822123498,0.9643075526,0.0,0.0356924474,0.5,0.9821537763
20170616,6,12.078508848313545,0.91657288381,0.0,0.08342711619,0.5,0.95828644191
20170616,7,3.022711939352036,0.86223943882,0.0,0.13776056118,0.5,0.93111971941
20170616,8,2.249567137389159,0.87458464344,0.0,0.12541535656,0.5,0.93729232172
20170616,9,1.9824960560694145,0.8842663498,0.0,0.1157336502,0.5,0.9421331749
20170616,10,1.4913170513688396,0.90132346022,0.0,0.09867653978,0.5,0.95066173011
20170616,11,1.4523152843220608,0.90954245599,0.0,0.09045754401,0.5,0.954771228
20170616,12,1.3311782926431297,0.91492431611,0.0,0.08507568389,0.5,0.95746215806
20170616,13,1.7002286563805096,0.91866563763,0.0,0.08133436237,0.5,0.95933281882
20170616,14,2.1196690039953645,0.92221842619,0.0,0.07778157381,0.5,0.9611092131
20170616,15,10.197935043390283,0.92616445446,0.0,0.07383554554,0.5,0.96308222723
20170616,16,10.049371454421822,0.79358476098,0.0,0.20641523902,0.5,0.89679238049
20170616,17,12.51400003423618,0.43259035253,0.0,0.56740964747,0.5,0.71629517627