day,hour,Final Reading, belief,disbelief,uncertainity,atomicity,expectation
20170618,3,101.34095767184847,0.96835335142,0.0,0.03164664858,0.5,0.98417667571