day,hour,Final Reading, belief,disbelief,uncertainity,atomicity,expectation
20170618,3,101.11027921677855,0.97029786279,0.0,0.02970213721,0.5,0.9851489314