day,hour,Final Reading, belief,disbelief,uncertainity,atomicity,expectation
20170710,3,115.72476092528814,0.97980267108,0.0,0.02019732892,0.5,0.98990133554
20170710,4,114.24679747240127,0.53531459366,0.0,0.46468540634,0.5,0.76765729683