day,hour,Final Reading, belief,disbelief,uncertainity,atomicity,expectation
20170618,3,118.3315292888701,0.96835335142,0.0,0.03164664858,0.5,0.98417667571