day,hour,Final Reading, belief,disbelief,uncertainity,atomicity,expectation
20170624,3,41.72962884806388,0.98341286998,0.0,0.01658713002,0.5,0.99170643499
20170624,4,42.40391385433672,0.88354422444,0.0,0.11645577556,0.5,0.94177211222
20170624,5,41.93141950307145,0.84481743661,0.0,0.15518256339,0.5,0.92240871831
20170624,6,52.27520431159196,0.81067964967,0.0,0.18932035033,0.5,0.90533982484
20170624,7,7.803329992624025,0.96994688454,0.0,0.03005311546,0.5,0.98497344227
20170624,8,7.979833701459524,0.96759516395,0.0,0.03240483605,0.5,0.98379758198
20170624,9,8.511547390712867,0.9665006877,0.0,0.0334993123,0.5,0.98325034385
20170624,10,8.363025593024735,0.96518427284,0.0,0.03481572716,0.5,0.98259213642
20170624,11,8.43575707654734,0.96407567929,0.0,0.03592432071,0.5,0.98203783965
20170624,12,8.817634175774872,0.9638518927,0.0,0.0361481073,0.5,0.98192594635
20170624,13,8.885993283281579,0.96496535744,0.0,0.03503464256,0.5,0.98248267872
20170624,14,8.572452211804775,0.96651677436,0.0,0.03348322564,0.5,0.98325838718
20170624,15,8.07598263741737,0.96882067059,0.0,0.03117932941,0.5,0.9844103353
20170624,16,7.453192823397898,0.969601575,0.0,0.030398425,0.5,0.9848007875
20170624,17,7.928551454195206,0.96931430734,0.0,0.03068569266,0.5,0.98465715367
20170624,18,8.58447592635396,0.97191500784,0.0,0.02808499216,0.5,0.98595750392
20170624,19,7.943868834388337,0.97457189991,0.0,0.02542810009,0.5,0.98728594996
20170624,20,10.470797287497774,0.97575308075,0.0,0.02424691925,0.5,0.98787654038
20170624,21,10.408138052464018,0.98060053033,0.0,0.01939946967,0.5,0.99030026517
20170624,22,10.75662887631641,0.98088325098,0.0,0.01911674902,0.5,0.99044162549
20170624,23,12.126884941919469,0.98127034511,0.0,0.01872965489,0.5,0.99063517256
20170625,0,13.114439282183746,0.98290065859,0.0,0.01709934141,0.5,0.9914503293
20170625,1,13.134324632982812,0.98511644699,0.0,0.01488355301,0.5,0.9925582235
20170625,2,11.749166052119193,0.98662934097,0.0,0.01337065903,0.5,0.99331467049
20170625,3,37.181954271973446,0.9861613218,0.0,0.0138386782,0.5,0.9930806609
20170625,4,37.008485133277915,0.8378086011,0.0,0.1621913989,0.5,0.91890430055
20170625,5,35.726352008453475,0.69846352851,0.0,0.30153647149,0.5,0.84923176426
20170625,6,32.60048877394828,0.44173996559,0.0,0.55826003441,0.5,0.7208699828