day,hour,Final Reading, belief,disbelief,uncertainity,atomicity,expectation
20170624,3,41.729628848063875,0.98341286998,0.0,0.01658713002,0.5,0.99170643499
20170624,4,42.403913854336714,0.88354422444,0.0,0.11645577556,0.5,0.94177211222
20170624,5,41.931419503071446,0.84481743661,0.0,0.15518256339,0.5,0.92240871831
20170624,6,52.27520431159196,0.81067964967,0.0,0.18932035033,0.5,0.90533982484
20170624,7,57.80332999262403,0.96994688454,0.0,0.03005311546,0.5,0.98497344227
20170624,8,7.981527886213597,0.96853992194,0.0,0.03146007806,0.5,0.98426996097
20170624,9,8.364105233399718,0.96665197589,0.0,0.03334802411,0.5,0.98332598795
20170624,10,8.19746440133596,0.96545155094,0.0,0.03454844906,0.5,0.98272577547
20170624,11,8.491770350827803,0.96405332066,0.0,0.03594667934,0.5,0.98202666033
20170624,12,8.811658649172049,0.96369357263,0.0,0.03630642737,0.5,0.98184678632
20170624,13,8.878984099501768,0.96360750056,0.0,0.03639249944,0.5,0.98180375028
20170624,14,8.579859060729484,0.96369066923,0.0,0.03630933077,0.5,0.98184533462
20170624,15,8.077639400653588,0.9653207475,0.0,0.0346792525,0.5,0.98266037375
20170624,16,7.432451803574173,0.96526683178,0.0,0.03473316822,0.5,0.98263341589
20170624,17,7.906029854969144,0.96475158096,0.0,0.03524841904,0.5,0.98237579048
20170624,18,8.5593129150297,0.96771037108,0.0,0.03228962892,0.5,0.98385518554
20170624,19,7.942552523724306,0.97121254554,0.0,0.02878745446,0.5,0.98560627277
20170624,20,10.466295381749958,0.97252570576,0.0,0.02747429424,0.5,0.98626285288
20170624,21,10.401963370837159,0.9783274246,0.0,0.0216725754,0.5,0.9891637123
20170624,22,10.754633144673399,0.97910593829,0.0,0.02089406171,0.5,0.98955296915
20170624,23,12.126713600865159,0.97993774153,0.0,0.02006225847,0.5,0.98996887077
20170625,0,13.109362351130557,0.98187183319,0.0,0.01812816681,0.5,0.9909359166
20170625,1,13.13467614248747,0.98449674739,0.0,0.01550325261,0.5,0.9922483737
20170625,2,11.749329606550715,0.98622680254,0.0,0.01377319746,0.5,0.99311340127
20170625,3,37.20749265447245,0.98587498043,0.0,0.01412501957,0.5,0.99293749022
20170625,4,37.02250282957518,0.83803278959,0.0,0.16196721041,0.5,0.9190163948
20170625,5,35.73492641632223,0.69889765619,0.0,0.30110234381,0.5,0.8494488281
20170625,6,32.60545822557711,0.44201911942,0.0,0.55798088058,0.5,0.72100955971