day,hour,Final Reading, belief,disbelief,uncertainity,atomicity,expectation
20170613,3,92.99135739966371,0.97653036268,0.0,0.02346963732,0.5,0.98826518134