day,hour,Final Reading, belief,disbelief,uncertainity,atomicity,expectation
20170613,3,95.05614627525742,0.95200415645,0.0,0.04799584355,0.5,0.97600207823