day,hour,Final Reading, belief,disbelief,uncertainity,atomicity,expectation
20170625,3,100.02067698550057,0.98631343885,0.0,0.01368656115,0.5,0.99315671943
20170625,4,8.044420954124083,0.38682256369,0.0,0.61317743631,0.5,0.69341128185
20170625,5,75.04024766000948,0.5269969012,0.0,0.4730030988,0.5,0.7634984506