day,hour,Final Reading, belief,disbelief,uncertainity,atomicity,expectation
20170616,3,27.10730050403027,0.96800280533,0.0,0.03199719467,0.5,0.98400140267
20170616,4,6.050520450060497,0.45412180057,0.0,0.54587819943,0.5,0.72706090029
20170616,5,3.059278370663908,0.76012338461,0.0,0.23987661539,0.5,0.88006169231
20170616,6,3.4497933910628396,0.8107861106,0.0,0.1892138894,0.5,0.9053930553
20170616,7,2.971069554768685,0.855917399,0.0,0.144082601,0.5,0.9279586995
20170616,8,2.286355683485515,0.88709806556,0.0,0.11290193444,0.5,0.94354903278
20170616,9,1.9460289513952491,0.91274533437,0.0,0.08725466563,0.5,0.95637266719
20170616,10,1.486197734669839,0.92544760567,0.0,0.07455239433,0.5,0.96272380283
20170616,11,1.4364746445131509,0.93271940551,0.0,0.06728059449,0.5,0.96635970276
20170616,12,1.3665431367032064,0.93700759959,0.0,0.06299240041,0.5,0.9685037998
20170616,13,1.7437044618127564,0.93828098254,0.0,0.06171901746,0.5,0.96914049127
20170616,14,2.176412142567827,0.93983944783,0.0,0.06016055217,0.5,0.96991972391
20170616,15,2.451253428437863,0.94231493607,0.0,0.05768506393,0.5,0.97115746804
20170616,16,2.5189219880879286,0.94525145721,0.0,0.05474854279,0.5,0.97262572861
20170616,17,2.452058535467048,0.9460082055,0.0,0.0539917945,0.5,0.97300410275
20170616,18,2.4913889185475733,0.94791863496,0.0,0.05208136504,0.5,0.97395931748
20170616,19,2.613317562674817,0.95093126648,0.0,0.04906873352,0.5,0.97546563324
20170616,20,3.2070902215292967,0.9495896929,0.0,0.0504103071,0.5,0.97479484645
20170616,21,21.523791968146178,0.95434812069,0.0,0.04565187931,0.5,0.97717406035