day,hour,Final Reading, belief,disbelief,uncertainity,atomicity,expectation
20170616,3,27.107300504030274,0.96800280533,0.0,0.03199719467,0.5,0.98400140267
20170616,4,6.050520450060497,0.45412180057,0.0,0.54587819943,0.5,0.72706090029
20170616,5,15.198406045380978,0.76012338461,0.0,0.23987661539,0.5,0.88006169231
20170616,6,3.3110697867151475,0.57057463804,0.0,0.42942536196,0.5,0.78528731902
20170616,7,2.7409261004397742,0.75195177373,0.0,0.24804822627,0.5,0.87597588687
20170616,8,2.150869587453885,0.77656787573,0.0,0.22343212427,0.5,0.88828393787
20170616,9,19.75533104098586,0.83397729237,0.0,0.16602270763,0.5,0.91698864619