day,hour,Final Reading, belief,disbelief,uncertainity,atomicity,expectation
20170616,3,27.10730050403027,0.96800280533,0.0,0.03199719467,0.5,0.98400140267
20170616,4,6.050520450060497,0.45412180057,0.0,0.54587819943,0.5,0.72706090029
20170616,5,3.059278370663908,0.76012338461,0.0,0.23987661539,0.5,0.88006169231
20170616,6,3.4497933910628396,0.8107861106,0.0,0.1892138894,0.5,0.9053930553
20170616,7,2.9710695547686847,0.855917399,0.0,0.144082601,0.5,0.9279586995
20170616,8,2.286355683485515,0.88709806555,0.0,0.11290193445,0.5,0.94354903278
20170616,9,19.69040219661417,0.91274533437,0.0,0.08725466563,0.5,0.95637266719