day,hour,Final Reading, belief,disbelief,uncertainity,atomicity,expectation
20170618,3,16.458653031498663,0.96529920683,0.0,0.03470079317,0.5,0.98264960342
20170618,4,17.64958257015784,0.95913171325,0.0,0.04086828675,0.5,0.97956585663
20170618,5,17.436387787976177,0.95891633641,0.0,0.04108366359,0.5,0.97945816821
20170618,6,19.23684933546556,0.95962823,0.0,0.04037177,0.5,0.979814115
20170618,7,15.28287330797155,0.96829266926,0.0,0.03170733074,0.5,0.98414633463
20170618,8,8.521558846413198,0.97283902094,0.0,0.02716097906,0.5,0.98641951047
20170618,9,3.5658496069508456,0.96566109482,0.0,0.03433890518,0.5,0.98283054741
20170618,10,4.657577948607909,0.95539513511,0.0,0.04460486489,0.5,0.97769756756
20170618,11,2.2696504915703946,0.95901419979,0.0,0.04098580021,0.5,0.9795070999
20170618,12,2.2809759720392413,0.95128616092,0.0,0.04871383908,0.5,0.97564308046
20170618,13,2.345651451015445,0.9469778198,0.0,0.0530221802,0.5,0.9734889099
20170618,14,2.262643149929321,0.9408731576,0.0,0.0591268424,0.5,0.9704365788
20170618,15,2.1333594384266434,0.94406421363,0.0,0.05593578637,0.5,0.97203210682
20170618,16,2.104309611679652,0.94404743166,0.0,0.05595256834,0.5,0.97202371583
20170618,17,2.164517819454454,0.94749254462,0.0,0.05250745538,0.5,0.97374627231
20170618,18,2.2660020315812193,0.94497195179,0.0,0.05502804821,0.5,0.9724859759
20170618,19,2.6377914578898833,0.94399848157,0.0,0.05600151843,0.5,0.97199924079
20170618,20,2.956365141320582,0.94862582378,0.0,0.05137417622,0.5,0.97431291189
20170618,21,3.1979013166456487,0.95161402872,0.0,0.04838597128,0.5,0.97580701436
20170618,22,3.4385277413616855,0.95278267331,0.0,0.04721732669,0.5,0.97639133666
20170618,23,3.6303623774636176,0.95669882368,0.0,0.04330117632,0.5,0.97834941184
20170619,0,3.5499707443942996,0.95633426395,0.0,0.04366573605,0.5,0.97816713198
20170619,1,4.250007022874028,0.95130964669,0.0,0.04869035331,0.5,0.97565482335
20170619,2,4.386958334753559,0.95349843255,0.0,0.04650156745,0.5,0.97674921628
20170619,3,11.879258915371432,0.9566968702,0.0,0.0433031298,0.5,0.9783484351
20170619,4,9.7962923242014,0.85382748123,0.0,0.14617251877,0.5,0.92691374062
20170619,5,4.084350358004156,0.69941249486,0.0,0.30058750514,0.5,0.84970624743
20170619,6,11.089905386733072,0.83259312509,0.0,0.16740687491,0.5,0.91629656255