day,hour,Final Reading, belief,disbelief,uncertainity,atomicity,expectation
20170616,3,30.32380469567713,0.97996040896,0.0,0.02003959104,0.5,0.98998020448
20170616,4,29.31802861651038,0.75344734969,0.0,0.24655265031,0.5,0.87672367485
20170616,5,12.961742394934326,0.47958854527,0.0,0.52041145473,0.5,0.73979427264
20170616,6,3.6289628736130934,0.43027651987,0.0,0.56972348013,0.5,0.71513825994
20170616,7,3.12951237715989,0.57823026594,0.0,0.42176973406,0.5,0.78911513297
20170616,8,2.326959014974359,0.61204211662,0.0,0.38795788338,0.5,0.80602105831
20170616,9,23.1279320372419,0.64535632962,0.0,0.35464367038,0.5,0.82267816481