day,hour,Final Reading, belief,disbelief,uncertainity,atomicity,expectation
20170616,3,14.50897854205441,0.96431289569,0.0,0.03568710431,0.5,0.98215644785
20170616,4,5.0319329965984485,0.90582495389,0.0,0.09417504611,0.5,0.95291247694
20170616,5,3.045942352275641,0.94453866284,0.0,0.05546133716,0.5,0.97226933142
20170616,6,3.3848592478170203,0.94150426342,0.0,0.05849573658,0.5,0.97075213171
20170616,7,3.020825141412101,0.94415788316,0.0,0.05584211684,0.5,0.97207894158
20170616,8,2.293316952369975,0.94640170049,0.0,0.05359829951,0.5,0.97320085025
20170616,9,1.9494493152837153,0.94653867365,0.0,0.05346132635,0.5,0.97326933683
20170616,10,1.4880711336865806,0.94542594806,0.0,0.05457405194,0.5,0.97271297403
20170616,11,1.4391597390598536,0.94377188316,0.0,0.05622811684,0.5,0.97188594158
20170616,12,1.3667653537645739,0.94241677077,0.0,0.05758322923,0.5,0.97120838539
20170616,13,1.7455559072014784,0.93966952311,0.0,0.06033047689,0.5,0.96983476156
20170616,14,2.1779268286647295,0.93914596299,0.0,0.06085403701,0.5,0.9695729815
20170616,15,9.204245586690822,0.94058766447,0.0,0.05941233553,0.5,0.97029383224