day,hour,Final Reading, belief,disbelief,uncertainity,atomicity,expectation
20170624,3,122.25745007920202,0.97114689548,0.0,0.02885310452,0.5,0.98557344774