day,hour,Final Reading, belief,disbelief,uncertainity,atomicity,expectation
20170616,3,16.104710698857968,0.9643128957,0.0,0.0356871043,0.5,0.98215644785
20170616,4,14.279225642380325,0.95872796682,0.0,0.04127203318,0.5,0.97936398341
20170616,5,14.766174334840112,0.9570915595,0.0,0.0429084405,0.5,0.97854577975
20170616,6,16.938149305686157,0.96800334782,0.0,0.03199665218,0.5,0.98400167391
20170616,7,17.98507093627403,0.97830684007,0.0,0.02169315993,0.5,0.98915342004
20170616,8,2.2256687650954494,0.96595155125,0.0,0.03404844875,0.5,0.98297577563
20170616,9,1.9887783621947654,0.94963345625,0.0,0.05036654375,0.5,0.97481672813
20170616,10,1.4519538138871628,0.93519615993,0.0,0.06480384007,0.5,0.96759807997
20170616,11,1.4084496847421402,0.93126554943,0.0,0.06873445057,0.5,0.96563277472
20170616,12,1.3633582288890917,0.93102249118,0.0,0.06897750882,0.5,0.96551124559
20170616,13,1.7452988825655509,0.92980967386,0.0,0.07019032614,0.5,0.96490483693
20170616,14,2.178459299225132,0.93328700475,0.0,0.06671299525,0.5,0.96664350238
20170616,15,10.667329397470759,0.93739354899,0.0,0.06260645101,0.5,0.9686967745