day,hour,Final Reading, belief,disbelief,uncertainity,atomicity,expectation
20170616,3,87.26935424825247,0.97261624424,0.0,0.02738375576,0.5,0.98630812212