day,hour,Final Reading, belief,disbelief,uncertainity,atomicity,expectation
20170618,3,36.76108341511797,0.97029786279,0.0,0.02970213721,0.5,0.9851489314
20170618,4,10.656814083242315,0.60652986891,0.0,0.39347013109,0.5,0.80326493446
20170618,5,10.583762110462063,0.74993949555,0.0,0.25006050445,0.5,0.87496974777
20170618,6,13.791425393703339,0.84595153741,0.0,0.15404846259,0.5,0.92297576871
20170618,7,11.164304111213006,0.89905715959,0.0,0.10094284041,0.5,0.9495285798
20170618,8,8.610755903438191,0.92476655357,0.0,0.07523344643,0.5,0.96238327679
20170618,9,3.6375744489674764,0.93583504185,0.0,0.06416495815,0.5,0.96791752093
20170618,10,4.576272460160053,0.94055153861,0.0,0.05944846139,0.5,0.97027576931
20170618,11,2.280087919989647,0.94908933037,0.0,0.05091066963,0.5,0.97454466519
20170618,12,2.286296852275054,0.94887606546,0.0,0.05112393454,0.5,0.97443803273
20170618,13,2.3536992211760075,0.9497415456,0.0,0.0502584544,0.5,0.9748707728
20170618,14,2.2710028195851937,0.946154976,0.0,0.053845024,0.5,0.973077488
20170618,15,2.139781547757123,0.94930263582,0.0,0.05069736418,0.5,0.97465131791
20170618,16,2.1060663228129273,0.95061794562,0.0,0.04938205438,0.5,0.97530897281
20170618,17,2.12002432728074,0.95318211093,0.0,0.04681788907,0.5,0.97659105547
20170618,18,2.2692243011895403,0.9521911639,0.0,0.0478088361,0.5,0.97609558195
20170618,19,2.640106851142511,0.95215567622,0.0,0.04784432378,0.5,0.97607783811
20170618,20,2.9584678369229653,0.95519569116,0.0,0.04480430884,0.5,0.97759784558
20170618,21,30.570554597055164,0.95807758508,0.0,0.04192241492,0.5,0.97903879254