day,hour,Final Reading, belief,disbelief,uncertainity,atomicity,expectation
20170616,3,37.230267687908125,0.97261624425,0.0,0.02738375575,0.5,0.98630812213
20170616,4,38.94540505323658,0.76041293947,0.0,0.23958706053,0.5,0.88020646974
20170616,5,53.10590041575786,0.7717180974,0.0,0.2282819026,0.5,0.8858590487
20170616,6,53.444397510327526,0.80830663192,0.0,0.19169336808,0.5,0.90415331596
20170616,7,2.976240106982672,0.83834539747,0.0,0.16165460253,0.5,0.91917269874
20170616,8,2.2148233162143027,0.85615711714,0.0,0.14384288286,0.5,0.92807855857
20170616,9,1.8329689233132485,0.86414386041,0.0,0.13585613959,0.5,0.93207193021
20170616,10,1.3536966475200678,0.8667720014,0.0,0.1332279986,0.5,0.9333860007
20170616,11,1.4685293151660253,0.86626493526,0.0,0.13373506474,0.5,0.93313246763
20170616,12,1.244230847473541,0.86490885934,0.0,0.13509114066,0.5,0.93245442967
20170616,13,1.7449313191125173,0.87622633366,0.0,0.12377366634,0.5,0.93811316683
20170616,14,2.1972809081121136,0.88497258369,0.0,0.11502741631,0.5,0.94248629185
20170616,15,2.4065295764907093,0.89647074261,0.0,0.10352925739,0.5,0.94823537131
20170616,16,2.506682205236036,0.91810473835,0.0,0.08189526165,0.5,0.95905236917
20170616,17,2.4361756536133155,0.92465543,0.0,0.07534457,0.5,0.962327715
20170616,18,2.4916980903204933,0.93311189499,0.0,0.06688810501,0.5,0.9665559475
20170616,19,2.604208217484367,0.93788457611,0.0,0.06211542389,0.5,0.96894228806
20170616,20,3.2104848999036837,0.94078031042,0.0,0.05921968958,0.5,0.97039015521
20170616,21,31.2789815131642,0.94834171195,0.0,0.05165828805,0.5,0.97417085598