day,hour,Final Reading, belief,disbelief,uncertainity,atomicity,expectation
20170624,3,102.76725660202953,0.98797942754,0.0,0.01202057246,0.5,0.99398971377
20170624,4,11.988951993746515,0.54452366757,0.0,0.45547633243,0.5,0.77226183379
20170624,5,10.23019182257626,0.60105702475,0.0,0.39894297525,0.5,0.80052851238
20170624,6,8.936911694274743,0.65294229952,0.0,0.34705770048,0.5,0.82647114976
20170624,7,7.838978969861612,0.68688195508,0.0,0.31311804492,0.5,0.84344097754
20170624,8,8.239198948410754,0.72023134579,0.0,0.27976865421,0.5,0.8601156729
20170624,9,95.67211029039234,0.75048655187,0.0,0.24951344813,0.5,0.87524327594