day,hour,Final Reading, belief,disbelief,uncertainity,atomicity,expectation
20170613,3,30.729522590945404,0.95200415644,0.0,0.04799584356,0.5,0.97600207822