day,hour,Final Reading, belief,disbelief,uncertainity,atomicity,expectation
20170618,3,36.809938275020976,0.97579752925,0.0,0.02420247075,0.5,0.98789876463
20170618,4,37.57472102804263,0.76692675289,0.0,0.23307324711,0.5,0.88346337645
20170618,5,40.2138401250263,0.49201840137,0.0,0.50798159863,0.5,0.74600920069