day,hour,Final Reading, belief,disbelief,uncertainity,atomicity,expectation
20170612,3,95.2567927377002,0.95965398118,0.0,0.04034601882,0.5,0.97982699059