day,hour,Final Reading, belief,disbelief,uncertainity,atomicity,expectation
20170618,3,84.4671722960976,0.97029786278,0.0,0.02970213722,0.5,0.98514893139