day,hour,Final Reading, belief,disbelief,uncertainity,atomicity,expectation
20170616,3,116.95698832507912,0.98757087921,0.0,0.01242912079,0.5,0.99378543961
20170616,4,5.150332623482999,0.61266728538,0.0,0.38733271462,0.5,0.80633364269
20170616,5,3.1004407439448625,0.6758691737,0.0,0.3241308263,0.5,0.83793458685
20170616,6,3.3732268536590824,0.68545894508,0.0,0.31454105492,0.5,0.84272947254
20170616,7,2.952672525783398,0.69627932211,0.0,0.30372067789,0.5,0.84813966106
20170616,8,2.2042561991674963,0.70734602314,0.0,0.29265397686,0.5,0.85367301157
20170616,9,1.9707642714356142,0.71702739856,0.0,0.28297260144,0.5,0.85851369928
20170616,10,1.4955583172223532,0.73643574028,0.0,0.26356425972,0.5,0.86821787014
20170616,11,1.4499300544840188,0.74553522248,0.0,0.25446477752,0.5,0.87276761124
20170616,12,1.3763395022912077,0.75484949569,0.0,0.24515050431,0.5,0.87742474785
20170616,13,1.749115361108906,0.76170225442,0.0,0.23829774558,0.5,0.88085112721
20170616,14,2.1842346958035512,0.76997637435,0.0,0.23002362565,0.5,0.88498818718
20170616,15,2.4542007148518654,0.77939275125,0.0,0.22060724875,0.5,0.88969637563
20170616,16,2.520767494272768,0.79017528751,0.0,0.20982471249,0.5,0.89508764376
20170616,17,2.451044510328918,0.79996405117,0.0,0.20003594883,0.5,0.89998202559
20170616,18,2.4945153717652104,0.81196591243,0.0,0.18803408757,0.5,0.90598295622
20170616,19,2.6039766086998166,0.82464862142,0.0,0.17535137858,0.5,0.91232431071
20170616,20,3.1973811147888935,0.8330444639,0.0,0.1669555361,0.5,0.91652223195
20170616,21,115.12737525465592,0.8478857691,0.0,0.1521142309,0.5,0.92394288455