day,hour,Final Reading, belief,disbelief,uncertainity,atomicity,expectation
20170625,3,106.03162455041414,0.98265668024,0.0,0.01734331976,0.5,0.99132834012