day,hour,Final Reading, belief,disbelief,uncertainity,atomicity,expectation
20170616,3,14.461830319878539,0.97261624425,0.0,0.02738375575,0.5,0.98630812213
20170616,4,11.599337282601178,0.93406317446,0.0,0.06593682554,0.5,0.96703158723
20170616,5,9.480180437592422,0.89717126065,0.0,0.10282873935,0.5,0.94858563033
20170616,6,5.959511034465781,0.74120637431,0.0,0.25879362569,0.5,0.87060318716
20170616,7,3.5138429297671685,0.75760360427,0.0,0.24239639573,0.5,0.87880180213
20170616,8,2.5393984671239416,0.77779764072,0.0,0.22220235928,0.5,0.88889882036
20170616,9,1.981432592527406,0.84322651986,0.0,0.15677348014,0.5,0.92161325993
20170616,10,1.5066181299940364,0.88653700443,0.0,0.11346299557,0.5,0.94326850222
20170616,11,1.4464239898317828,0.90076575741,0.0,0.09923424259,0.5,0.95038287871
20170616,12,1.3305385986740121,0.90880257739,0.0,0.09119742261,0.5,0.9544012887
20170616,13,1.7470588821376396,0.92053173183,0.0,0.07946826817,0.5,0.96026586592
20170616,14,2.1763916101036385,0.92756040443,0.0,0.07243959557,0.5,0.96378020222
20170616,15,2.452049513927075,0.93454434476,0.0,0.06545565524,0.5,0.96727217238
20170616,16,2.520424810115678,0.94084099937,0.0,0.05915900063,0.5,0.97042049969
20170616,17,2.4531620975536836,0.94433652823,0.0,0.05566347177,0.5,0.97216826412
20170616,18,2.492070503095648,0.94787185838,0.0,0.05212814162,0.5,0.97393592919
20170616,19,2.6116628423823043,0.95180144112,0.0,0.04819855888,0.5,0.97590072056
20170616,20,3.204051606724622,0.95212516268,0.0,0.04787483732,0.5,0.97606258134
20170616,21,10.321394341782572,0.95698854197,0.0,0.04301145803,0.5,0.97849427099
20170616,22,7.857984707426131,0.76987660465,0.0,0.23012339535,0.5,0.88493830233
20170616,23,9.248184165045087,0.72230306648,0.0,0.27769693352,0.5,0.86115153324
20170617,0,9.352611808966921,0.49171313025,0.0,0.50828686975,0.5,0.74585656513