day,hour,Final Reading, belief,disbelief,uncertainity,atomicity,expectation
20170616,3,119.20934049503141,0.97996040896,0.0,0.02003959104,0.5,0.98998020448