day,hour,Final Reading, belief,disbelief,uncertainity,atomicity,expectation
20170616,3,37.230267687908125,0.97261624426,0.0,0.02738375574,0.5,0.98630812213
20170616,4,38.94540505323658,0.76041293947,0.0,0.23958706053,0.5,0.88020646974
20170616,5,53.10590041575786,0.7717180974,0.0,0.2282819026,0.5,0.8858590487
20170616,6,53.444397510327526,0.80830663192,0.0,0.19169336808,0.5,0.90415331596
20170616,7,52.97624010698267,0.83834539747,0.0,0.16165460253,0.5,0.91917269874
20170616,8,2.2143424450257205,0.86398129951,0.0,0.13601870049,0.5,0.93199064976
20170616,9,1.8324205259613855,0.86988583602,0.0,0.13011416398,0.5,0.93494291801
20170616,10,1.3533994629643047,0.87130298399,0.0,0.12869701601,0.5,0.935651492
20170616,11,1.4684611158907306,0.86995491678,0.0,0.13004508322,0.5,0.93497745839
20170616,12,1.243985009410889,0.86783823258,0.0,0.13216176742,0.5,0.93391911629
20170616,13,1.7448570154463652,0.87816340063,0.0,0.12183659937,0.5,0.93908170032
20170616,14,2.1971553682036165,0.8862499853,0.0,0.1137500147,0.5,0.94312499265
20170616,15,2.39372497966197,0.89394195698,0.0,0.10605804302,0.5,0.94697097849
20170616,16,2.4566713034251886,0.90746996253,0.0,0.09253003747,0.5,0.95373498127
20170616,17,2.3672071459475545,0.91942968213,0.0,0.08057031787,0.5,0.95971484107
20170616,18,2.456712399118074,0.92218894215,0.0,0.07781105785,0.5,0.96109447108
20170616,19,2.6005343128338985,0.93325869112,0.0,0.06674130888,0.5,0.96662934556
20170616,20,3.212720613710584,0.93604741997,0.0,0.06395258003,0.5,0.96802370999
20170616,21,31.734945786365277,0.94396195698,0.0,0.05603804302,0.5,0.97198097849