day,hour,Final Reading, belief,disbelief,uncertainity,atomicity,expectation
20170618,3,17.699924558046366,0.97029786279,0.0,0.02970213721,0.5,0.9851489314
20170618,4,18.69472458662276,0.96789920422,0.0,0.03210079578,0.5,0.98394960211
20170618,5,20.016540311801553,0.97036777227,0.0,0.02963222773,0.5,0.98518388614
20170618,6,23.46167417068174,0.97228370173,0.0,0.02771629827,0.5,0.98614185087
20170618,7,11.350080229450842,0.97845920853,0.0,0.02154079147,0.5,0.98922960427
20170618,8,8.724557260960873,0.9756369055,0.0,0.0243630945,0.5,0.98781845275
20170618,9,3.6640776447141787,0.97332453687,0.0,0.02667546313,0.5,0.98666226844
20170618,10,4.676081142927712,0.97040260686,0.0,0.02959739314,0.5,0.98520130343
20170618,11,2.2738641339590164,0.96893953032,0.0,0.03106046968,0.5,0.98446976516
20170618,12,2.2764821591778137,0.96451295893,0.0,0.03548704107,0.5,0.98225647947
20170618,13,2.355835227721904,0.9612289624,0.0,0.0387710376,0.5,0.9806144812
20170618,14,2.2729204957986786,0.9554272377,0.0,0.0445727623,0.5,0.97771361885
20170618,15,10.965277758963891,0.95565409151,0.0,0.04434590849,0.5,0.97782704576
20170618,16,10.56490137752236,0.81960373734,0.0,0.18039626266,0.5,0.90980186867
20170618,17,11.579978793398285,0.80234906491,0.0,0.19765093509,0.5,0.90117453246
20170618,18,12.04566589490806,0.47326565773,0.0,0.52673434227,0.5,0.73663282887