day,hour,Final Reading, belief,disbelief,uncertainity,atomicity,expectation
20170612,3,61.54221538458475,0.96300385144,0.0,0.03699614856,0.5,0.98150192572