day,hour,Final Reading, belief,disbelief,uncertainity,atomicity,expectation
20170612,3,95.50545866701272,0.96300385144,0.0,0.03699614856,0.5,0.98150192572