day,hour,Final Reading, belief,disbelief,uncertainity,atomicity,expectation
20170625,3,37.16476846809386,0.98631343885,0.0,0.01368656115,0.5,0.99315671943
20170625,4,36.99758664790343,0.83725202197,0.0,0.16274797803,0.5,0.91862601099
20170625,5,35.71835169791426,0.6975525527,0.0,0.3024474473,0.5,0.84877627635
20170625,6,32.596672606242066,0.44098862796,0.0,0.55901137204,0.5,0.72049431398