day,hour,Final Reading, belief,disbelief,uncertainity,atomicity,expectation
20170613,3,9.80171426447169,0.94997785552,0.0,0.05002214448,0.5,0.97498892776
20170613,4,2.9960036778682397,0.54874090313,0.0,0.45125909687,0.5,0.77437045157
20170613,5,8.864197526285233,0.70130798605,0.0,0.29869201395,0.5,0.85065399303