day,hour,Final Reading, belief,disbelief,uncertainity,atomicity,expectation
20170616,3,27.021895531108488,0.97261624425,0.0,0.02738375575,0.5,0.98630812213
20170616,4,13.134413881602764,0.64115568805,0.0,0.35884431195,0.5,0.82057784403
20170616,5,3.1543242236458324,0.76888397049,0.0,0.23111602951,0.5,0.88444198525
20170616,6,3.5475047253338436,0.80715794739,0.0,0.19284205261,0.5,0.9035789737
20170616,7,3.1303046572354307,0.83383439324,0.0,0.16616560676,0.5,0.91691719662
20170616,8,2.3186766426877323,0.86412876902,0.0,0.13587123098,0.5,0.93206438451
20170616,9,1.9890989556931835,0.8727813301,0.0,0.1272186699,0.5,0.93639066505
20170616,10,1.4962830263408025,0.9037084322,0.0,0.0962915678,0.5,0.9518542161
20170616,11,1.3798426640365267,0.9106140373,0.0,0.0893859627,0.5,0.95530701865
20170616,12,1.3260030211281624,0.91665093517,0.0,0.08334906483,0.5,0.95832546759
20170616,13,1.7437785339044518,0.9257997908,0.0,0.0742002092,0.5,0.9628998954
20170616,14,2.174380525341343,0.9310208486,0.0,0.0689791514,0.5,0.9655104243
20170616,15,19.696153098255035,0.93657925175,0.0,0.06342074825,0.5,0.96828962588