day,hour,Final Reading, belief,disbelief,uncertainity,atomicity,expectation
20170616,3,11.973139822077423,0.96800280533,0.0,0.03199719467,0.5,0.98400140267
20170616,4,9.445844137372292,0.95566021705,0.0,0.04433978295,0.5,0.97783010853
20170616,5,7.506083597449726,0.94536392994,0.0,0.05463607006,0.5,0.97268196497
20170616,6,6.189037493733885,0.86079259864,0.0,0.13920740136,0.5,0.93039629932
20170616,7,5.2982539958346,0.84599140451,0.0,0.15400859549,0.5,0.92299570226
20170616,8,2.4681701992792684,0.82415867872,0.0,0.17584132128,0.5,0.91207933936
20170616,9,5.060752764660878,0.88876686359,0.0,0.11123313641,0.5,0.9443834318
20170616,10,1.5261985616097211,0.72619616184,0.0,0.27380383816,0.5,0.86309808092
20170616,11,4.519531316416953,0.8466471269,0.0,0.1533528731,0.5,0.92332356345
20170616,12,4.90675393135476,0.62200539957,0.0,0.37799460043,0.5,0.81100269979