day,hour,Final Reading, belief,disbelief,uncertainity,atomicity,expectation
20170618,3,36.73996889082854,0.96835335142,0.0,0.03164664858,0.5,0.98417667571
20170618,4,43.292769580838026,0.40740234922,0.0,0.59259765078,0.5,0.70370117461