day,hour,Final Reading, belief,disbelief,uncertainity,atomicity,expectation
20170616,3,37.37056505819289,0.96800280533,0.0,0.03199719467,0.5,0.98400140267
20170616,4,46.4053623379981,0.67248212311,0.0,0.32751787689,0.5,0.83624106156
20170616,5,53.05776142036185,0.93921902838,0.0,0.06078097162,0.5,0.96960951419
20170616,6,53.494023226434685,0.93685333918,0.0,0.06314666082,0.5,0.96842666959
20170616,7,2.9826588422862956,0.93369032886,0.0,0.06630967114,0.5,0.96684516443
20170616,8,2.2344717278305293,0.9266953429,0.0,0.0733046571,0.5,0.96334767145
20170616,9,1.9902142807598517,0.91890390735,0.0,0.08109609265,0.5,0.95945195368
20170616,10,1.474371851005207,0.91060496745,0.0,0.08939503255,0.5,0.95530248373
20170616,11,1.5720141096253257,0.90410241501,0.0,0.09589758499,0.5,0.95205120751
20170616,12,1.3389879521355417,0.90004334294,0.0,0.09995665706,0.5,0.95002167147
20170616,13,1.7157307025012793,0.90268771147,0.0,0.09731228853,0.5,0.95134385574
20170616,14,2.1607670947967854,0.90725163996,0.0,0.09274836004,0.5,0.95362581998
20170616,15,31.048469281546897,0.91868824541,0.0,0.08131175459,0.5,0.95934412271