day,hour,Final Reading, belief,disbelief,uncertainity,atomicity,expectation
20170616,3,119.20934049503144,0.97996040895,0.0,0.02003959105,0.5,0.98998020448