day,hour,Final Reading, belief,disbelief,uncertainity,atomicity,expectation
20170616,3,98.37730678173487,0.98757087921,0.0,0.01242912079,0.5,0.99378543961
20170616,4,78.95711486217449,0.61315561428,0.0,0.38684438572,0.5,0.80657780714
20170616,5,3.1683566243339127,0.29752225155,0.0,0.70247774845,0.5,0.64876112578
20170616,6,3.4690330170520176,0.30321574635,0.0,0.69678425365,0.5,0.65160787317
20170616,7,3.0937095626649844,0.30960811787,0.0,0.69039188213,0.5,0.65480405893
20170616,8,2.329182628587021,0.31682609164,0.0,0.68317390836,0.5,0.65841304582
20170616,9,1.9796446467175803,0.32204496603,0.0,0.67795503397,0.5,0.66102248302
20170616,10,1.4885733129438692,0.32852498487,0.0,0.67147501513,0.5,0.66426249244
20170616,11,1.369363958108661,0.39017314548,0.0,0.60982685452,0.5,0.69508657274
20170616,12,1.3725369717352314,0.44667961256,0.0,0.55332038744,0.5,0.72333980628
20170616,13,1.7287531732389454,0.45772087032,0.0,0.54227912968,0.5,0.72886043516
20170616,14,2.1037564772815682,0.50989934385,0.0,0.49010065615,0.5,0.75494967193
20170616,15,2.4341085661791015,0.52267853737,0.0,0.47732146263,0.5,0.76133926869
20170616,16,2.5135960212322073,0.58932373174,0.0,0.41067626826,0.5,0.79466186587
20170616,17,2.4798565027297625,0.60194052381,0.0,0.39805947619,0.5,0.80097026191
20170616,18,2.474324873334136,0.66140562878,0.0,0.33859437122,0.5,0.83070281439
20170616,19,2.5736759556330187,0.68694673996,0.0,0.31305326004,0.5,0.84347336998
20170616,20,3.0372985263711394,0.7011510889,0.0,0.2988489111,0.5,0.85057554445
20170616,21,81.25339319555405,0.7267937537,0.0,0.2732062463,0.5,0.86339687685