day,hour,Final Reading, belief,disbelief,uncertainity,atomicity,expectation
20170616,3,32.094045088748395,0.96800280533,0.0,0.03199719467,0.5,0.98400140267
20170616,4,4.526132005328559,0.36997751718,0.0,0.63002248282,0.5,0.68498875859
20170616,5,3.0656335475056387,0.71117211701,0.0,0.28882788299,0.5,0.85558605851
20170616,6,3.3895413817616,0.7909255722,0.0,0.2090744278,0.5,0.8954627861
20170616,7,2.9670569369543776,0.84138275864,0.0,0.15861724136,0.5,0.92069137932
20170616,8,2.217426908503971,0.87204522464,0.0,0.12795477536,0.5,0.93602261232
20170616,9,27.23640440973499,0.90421557871,0.0,0.09578442129,0.5,0.95210778936