day,hour,Final Reading, belief,disbelief,uncertainity,atomicity,expectation
20170616,3,14.461830319878537,0.97261624425,0.0,0.02738375575,0.5,0.98630812213
20170616,4,11.599337282601178,0.93406317446,0.0,0.06593682554,0.5,0.96703158723
20170616,5,3.143036603404644,0.89717126065,0.0,0.10282873935,0.5,0.94858563033
20170616,6,3.47132071854027,0.90354039791,0.0,0.09645960209,0.5,0.95177019896
20170616,7,3.044885864900669,0.91396081636,0.0,0.08603918364,0.5,0.95698040818
20170616,8,2.296255066229972,0.92378978269,0.0,0.07621021731,0.5,0.96189489135
20170616,9,1.9506544756203876,0.93157732633,0.0,0.06842267367,0.5,0.96578866317
20170616,10,1.4218857522530974,0.93513458362,0.0,0.06486541638,0.5,0.96756729181
20170616,11,1.38267371557616,0.93536737627,0.0,0.06463262373,0.5,0.96768368814
20170616,12,1.3680440903894286,0.93872549103,0.0,0.06127450897,0.5,0.96936274552
20170616,13,1.743199510988156,0.94053352536,0.0,0.05946647464,0.5,0.97026676268
20170616,14,2.1746457025713504,0.94252881271,0.0,0.05747118729,0.5,0.97126440636
20170616,15,9.17132516006531,0.94517620278,0.0,0.05482379722,0.5,0.97258810139
20170616,16,8.464730817926949,0.63557516313,0.0,0.36442483687,0.5,0.81778758157