day,hour,Final Reading, belief,disbelief,uncertainity,atomicity,expectation
20170624,3,100.12102293664219,0.97114689547,0.0,0.02885310453,0.5,0.98557344774