day,hour,Final Reading, belief,disbelief,uncertainity,atomicity,expectation
20170618,3,36.73996889082854,0.96835335142,0.0,0.03164664858,0.5,0.98417667571
20170618,4,10.22893367682037,0.40740234922,0.0,0.59259765078,0.5,0.70370117461
20170618,5,10.257630962988538,0.64374077995,0.0,0.35625922005,0.5,0.82187038998
20170618,6,13.784865076965678,0.84913428402,0.0,0.15086571598,0.5,0.92456714201
20170618,7,11.164139934038543,0.91152520955,0.0,0.08847479045,0.5,0.95576260478
20170618,8,8.609279645779628,0.93778376992,0.0,0.06221623008,0.5,0.96889188496
20170618,9,3.635794954948146,0.94699233869,0.0,0.05300766131,0.5,0.97349616935
20170618,10,4.578874753978604,0.9491080107,0.0,0.0508919893,0.5,0.97455400535
20170618,11,2.280103159899018,0.95677172973,0.0,0.04322827027,0.5,0.97838586487
20170618,12,2.287020067892737,0.9527662685,0.0,0.0472337315,0.5,0.97638313425
20170618,13,2.351518099838157,0.95069600853,0.0,0.04930399147,0.5,0.97534800427
20170618,14,2.2676649260002257,0.94541459523,0.0,0.05458540477,0.5,0.97270729762
20170618,15,2.136094512986682,0.94776090372,0.0,0.05223909628,0.5,0.97388045186
20170618,16,2.104461726908829,0.94786046308,0.0,0.05213953692,0.5,0.97393023154
20170618,17,2.164738189593667,0.95099064208,0.0,0.04900935792,0.5,0.97549532104
20170618,18,2.267306791921965,0.94889034841,0.0,0.05110965159,0.5,0.97444517421
20170618,19,2.6383700975226474,0.94816460093,0.0,0.05183539907,0.5,0.97408230047
20170618,20,2.9563451198808846,0.95189636214,0.0,0.04810363786,0.5,0.97594818107
20170618,21,30.685104120958215,0.95487005653,0.0,0.04512994347,0.5,0.97743502827