day,hour,Final Reading, belief,disbelief,uncertainity,atomicity,expectation
20170616,3,37.37056505819289,0.96800280533,0.0,0.03199719467,0.5,0.98400140267
20170616,4,46.4053623379981,0.67248212311,0.0,0.32751787689,0.5,0.83624106156
20170616,5,3.0577614203618477,0.93921902838,0.0,0.06078097162,0.5,0.96960951419
20170616,6,3.493514195133874,0.93497161245,0.0,0.06502838755,0.5,0.96748580623
20170616,7,2.9823089175190196,0.92901952173,0.0,0.07098047827,0.5,0.96450976087
20170616,8,2.264235597586381,0.92631036935,0.0,0.07368963065,0.5,0.96315518468
20170616,9,1.9867158361827186,0.92507038332,0.0,0.07492961668,0.5,0.96253519166
20170616,10,1.486366817643843,0.92575226516,0.0,0.07424773484,0.5,0.96287613258
20170616,11,1.4526723967986894,0.93094196268,0.0,0.06905803732,0.5,0.96547098134
20170616,12,1.3669737676981728,0.93455325294,0.0,0.06544674706,0.5,0.96727662647
20170616,13,1.74626992123538,0.93446365769,0.0,0.06553634231,0.5,0.96723182884
20170616,14,2.1778395944518736,0.93698555862,0.0,0.06301444138,0.5,0.96849277931
20170616,15,2.4499758784282832,0.94027584698,0.0,0.05972415302,0.5,0.97013792349
20170616,16,2.5182373150440798,0.94404935472,0.0,0.05595064528,0.5,0.97202467736
20170616,17,2.4509241190259843,0.9452694195,0.0,0.0547305805,0.5,0.97263470975
20170616,18,2.491009665499464,0.94755012383,0.0,0.05244987617,0.5,0.97377506192
20170616,19,2.612972390165604,0.95066951392,0.0,0.04933048608,0.5,0.97533475696
20170616,20,3.2071316485115258,0.9494286281,0.0,0.0505713719,0.5,0.97471431405
20170616,21,30.48313552076289,0.95425065003,0.0,0.04574934997,0.5,0.97712532502