day,hour,Final Reading, belief,disbelief,uncertainity,atomicity,expectation
20170616,3,100.08323664194064,0.97996040896,0.0,0.02003959104,0.5,0.98998020448