day,hour,Final Reading, belief,disbelief,uncertainity,atomicity,expectation
20170616,3,14.461830319878539,0.97261624425,0.0,0.02738375575,0.5,0.98630812213
20170616,4,11.599337282601178,0.93406317446,0.0,0.06593682554,0.5,0.96703158723
20170616,5,9.480180437592422,0.89717126065,0.0,0.10282873935,0.5,0.94858563033
20170616,6,3.696202980190807,0.74120637431,0.0,0.25879362569,0.5,0.87060318716
20170616,7,3.226693582718306,0.79230116868,0.0,0.20769883132,0.5,0.89615058434
20170616,8,2.302489586666594,0.82099523698,0.0,0.17900476302,0.5,0.91049761849
20170616,9,9.119563794408837,0.84434738722,0.0,0.15565261278,0.5,0.92217369361
20170616,10,1.4786230184615357,0.49735160727,0.0,0.50264839273,0.5,0.74867580364
20170616,11,6.967566559285299,0.73778773534,0.0,0.26221226466,0.5,0.86889386767