day,hour,Final Reading, belief,disbelief,uncertainity,atomicity,expectation
20170616,3,32.01414605145398,0.97261624425,0.0,0.02738375575,0.5,0.98630812213
20170616,4,5.519352530360206,0.54164202028,0.0,0.45835797972,0.5,0.77082101014
20170616,5,3.050408166474558,0.76841169119,0.0,0.23158830881,0.5,0.8842058456
20170616,6,3.3914919517695044,0.79769338453,0.0,0.20230661547,0.5,0.89884669227
20170616,7,2.971313361180816,0.8303617569,0.0,0.1696382431,0.5,0.91518087845
20170616,8,2.2963338913524076,0.86452901525,0.0,0.13547098475,0.5,0.93226450763
20170616,9,1.9511117547537318,0.88587085838,0.0,0.11412914162,0.5,0.94293542919
20170616,10,1.4880790122277525,0.90229126654,0.0,0.09770873346,0.5,0.95114563327
20170616,11,1.4387455434507863,0.91439864592,0.0,0.08560135408,0.5,0.95719932296
20170616,12,1.3304663633723832,0.92075247435,0.0,0.07924752565,0.5,0.96037623718
20170616,13,1.7427458780737959,0.9282467329,0.0,0.0717532671,0.5,0.96412336645
20170616,14,2.1754847356701275,0.93348094851,0.0,0.06651905149,0.5,0.96674047426
20170616,15,2.4502615958497382,0.93866086589,0.0,0.06133913411,0.5,0.96933043295
20170616,16,2.517500033901783,0.94370699186,0.0,0.05629300814,0.5,0.97185349593
20170616,17,2.4509779132739173,0.9463923546,0.0,0.0536076454,0.5,0.9731961773
20170616,18,2.4916145273998875,0.94939855524,0.0,0.05060144476,0.5,0.97469927762
20170616,19,2.611444373889779,0.95270264842,0.0,0.04729735158,0.5,0.97635132421
20170616,20,3.2031771762496795,0.95282929619,0.0,0.04717070381,0.5,0.9764146481
20170616,21,25.872226783101897,0.95742405277,0.0,0.04257594723,0.5,0.97871202639