day,hour,Final Reading, belief,disbelief,uncertainity,atomicity,expectation
20170616,3,14.488252980411295,0.96800280533,0.0,0.03199719467,0.5,0.98400140267
20170616,4,12.161802268519304,0.91865021616,0.0,0.08134978384,0.5,0.95932510808
20170616,5,3.169563734959291,0.87419049359,0.0,0.12580950641,0.5,0.9370952468
20170616,6,3.471025748451082,0.89681266715,0.0,0.10318733285,0.5,0.94840633358
20170616,7,3.04202496875919,0.91407917315,0.0,0.08592082685,0.5,0.95703958658
20170616,8,2.295753092646435,0.9274183125,0.0,0.0725816875,0.5,0.96370915625
20170616,9,8.790442916578655,0.93604557142,0.0,0.06395442858,0.5,0.96802278571
20170616,10,8.83056876710759,0.66229255678,0.0,0.33770744322,0.5,0.83114627839