day,hour,Final Reading, belief,disbelief,uncertainity,atomicity,expectation
20170613,3,113.61918342566595,0.96168701812,0.0,0.03831298188,0.5,0.98084350906