day,hour,Final Reading, belief,disbelief,uncertainity,atomicity,expectation
20170624,3,122.57071998509622,0.97871564791,0.0,0.02128435209,0.5,0.98935782396