day,hour,SensorID,reading,belief,disbelief,uncertainity,atomicity,expectation,final Reading
20170310,17,481,3.9369986995324804,0.99832655765,0.0,0.00167344235,0.5,0.99916327883,672.4690641075375
20170310,17,1002,3.888999512377814,0.99833546043,0.0,0.00166453957,0.5,0.99916773022,672.4690641075375
20170310,17,255,2003.4916004307313,0.0,0.99899961607,0.00100038393,0.5,5.0019197E-4,672.4690641075375