day,hour,SensorID,reading,belief,disbelief,uncertainity,atomicity,expectation,final Reading
20170310,17,481,3.9369986995324804,0.02721937547,0.0,0.97278062453,0.5,0.51360968774,3.7721742288840314
20170310,17,1002,3.888999512377814,0.0901693091,0.0,0.9098306909,0.5,0.54508465455,3.7721742288840314
20170310,17,255,3.4916004307313053,0.0,0.16018967081,0.83981032919,0.5,0.4199051646,3.7721742288840314
20170310,18,481,3.1259898658183047,0.01869353882,0.29609650602,0.68520995517,0.5,0.36129851641,4.531186823740045
20170310,18,1002,6.065165713453855,0.05534023198,0.37194523973,0.57271452829,0.5,0.34169749613,4.531186823740045
20170310,18,255,4.409675672205076,0.46078558009,0.08455579002,0.45465862989,0.5,0.68811489504,4.531186823740045
20170310,19,481,3.7590207279845003,0.01196875143,0.53806869612,0.44996255245,0.5,0.23695002766,5.618320024690985
20170310,19,1002,7.378088427350347,0.04126276982,0.52076055095,0.43797667923,0.5,0.26025110944,5.618320024690985
20170310,19,255,5.727153301393591,0.65740828246,0.05258589254,0.29000582501,0.5,0.80241119497,5.618320024690985