day,hour,SensorID,reading,belief,disbelief,uncertainity,atomicity,expectation,final Reading
20170312,22,481,11.475045670749704,0.14606760235,0.4596725256,0.39425987206,0.5,0.34319753838,10.247172239821733
20170312,22,1002,14.194708723714298,0.02829287108,0.66369698894,0.30801013998,0.5,0.18229794107,10.247172239821733
20170312,23,481,11.491565751285505,0.41735000141,0.30997140485,0.27267859374,0.5,0.55368929828,11.527046991532933
20170312,23,1002,14.746574152813828,0.02494051433,0.6965828374,0.27847664827,0.5,0.16417883847,11.527046991532933