day,hour,SensorID,reading,belief,disbelief,uncertainity,atomicity,expectation,final Reading
20170314,0,481,13.097086459279776,0.86518271913,0.10243455457,0.0323827263,0.5,0.88137408228,13.684081103684324
20170314,0,1002,18.1998776399075,0.31519915518,0.65913627179,0.02566457303,0.5,0.3280314417,13.684081103684324
20170314,1,481,13.7767276538467,0.87138651684,0.09772089137,0.03089259178,0.5,0.88683281273,13.792856037611557
20170314,1,1002,17.91600558781957,0.30705860316,0.66793965487,0.02500174197,0.5,0.31955947415,13.792856037611557
20170314,2,481,11.821194938700566,0.87661220115,0.09375040153,0.02963739732,0.5,0.89143089981,14.20098305563737
20170314,2,1002,18.145794878787306,0.31115333904,0.66399265953,0.02485400144,0.5,0.32358033976,14.20098305563737
20170314,3,481,13.774878917476073,0.88531697896,0.08713648652,0.02754653452,0.5,0.89909024622,14.50670990323285
20170314,3,1002,17.417593973852906,0.32731233188,0.64841669286,0.02427097527,0.5,0.33944781951,14.50670990323285
20170314,4,481,13.54167953159397,0.88971062879,0.08379817885,0.02649119236,0.5,0.90295622497,15.158986750349708
20170314,4,1002,19.276890374861466,0.32527555637,0.65060450003,0.0241199436,0.5,0.33733552817,15.158986750349708
20170314,5,481,14.09938359713376,0.89213448347,0.08195652715,0.02590898938,0.5,0.90508897816,15.32374484139065
20170314,5,1002,18.395957140221302,0.32269087252,0.65338084423,0.02392828324,0.5,0.33465501414,15.32374484139065
20170314,6,481,13.396744439863806,0.89546582918,0.07942536118,0.02510880965,0.5,0.90802023401,15.718799410612318
20170314,6,1002,19.427617467371874,0.32649036918,0.64971557791,0.02379405291,0.5,0.33838739564,15.718799410612318
20170314,7,481,16.285300787532858,0.89822404738,0.07732965912,0.0244462935,0.5,0.91044719413,14.969199848153913
20170314,7,1002,22.28196272002497,0.30992451154,0.66748872658,0.02258676188,0.5,0.32121789248,14.969199848153913
20170314,8,481,17.64688262375957,0.883704635,0.09224423551,0.02405112949,0.5,0.89573019975,15.115562441025311
20170314,8,1002,16.58545294274931,0.30909462165,0.66837909741,0.02252628094,0.5,0.32035776212,15.115562441025311
20170314,9,481,20.99234529085092,0.88528792757,0.09098838483,0.0237236876,0.5,0.89714977137,16.716469105987112
20170314,9,1002,20.880712999508187,0.31978883865,0.6580335547,0.02217760666,0.5,0.33087764198,16.716469105987112