day,hour,SensorID,reading,belief,disbelief,uncertainity,atomicity,expectation,final Reading
20170315,15,481,17.682510121888573,0.89144432602,0.08610519565,0.02245047833,0.5,0.90266956519,20.43554800535516
20170315,15,1002,22.516704840035732,0.36150068535,0.61768168117,0.02081763349,0.5,0.3719095021,20.43554800535516
20170315,16,481,16.656357897402565,0.89361691482,0.08438192153,0.02200116365,0.5,0.90461749665,14.397075724359008
20170315,16,1002,17.703806818128694,0.36361057009,0.61564058711,0.0207488428,0.5,0.37398499149,14.397075724359008
20170315,17,481,16.96739531934519,0.89892920824,0.0801682674,0.02090252437,0.5,0.90938047043,17.880948615405774
20170315,17,1002,19.799151090133673,0.3850034417,0.59494520875,0.02005134955,0.5,0.39502911648,17.880948615405774
20170315,18,481,18.56210929186257,0.90476031998,0.07554309214,0.01969658788,0.5,0.91460861392,19.32975670554133
20170315,18,1002,22.891235820929996,0.39572723665,0.58457105244,0.01970171091,0.5,0.4055780921,19.32975670554133
20170315,19,481,34.41144260701447,0.81282159353,0.16948332017,0.01769508631,0.5,0.82166913669,20.754532889755584
20170315,19,1002,29.035684219233957,0.37350145063,0.60790337339,0.01859517598,0.5,0.38279903862,20.754532889755584
20170315,20,481,24.910514511443544,0.81827864463,0.16454215651,0.01717919886,0.5,0.82686824406,24.154340183635146
20170315,20,1002,30.09958473862286,0.36388412715,0.61799950578,0.01811636707,0.5,0.37294231069,24.154340183635146
20170315,21,481,24.338546380457235,0.83030728407,0.15365065578,0.01604206014,0.5,0.83832831414,24.41246590813863
20170315,21,1002,33.239961454677534,0.35379221177,0.62859385815,0.01761393008,0.5,0.36259917681,24.41246590813863
20170315,22,481,26.04498207561853,0.8366571141,0.1479011129,0.015441773,0.5,0.8443780006,23.84863094097505
20170315,22,1002,34.22357936862354,0.33930135856,0.64380615424,0.0168924872,0.5,0.34774760216,23.84863094097505
20170315,23,481,30.557846371178947,0.83482844236,0.14976353554,0.0154080221,0.5,0.84253245341,24.745220952188657
20170315,23,1002,40.468150368014115,0.31270513389,0.67172650089,0.01556836522,0.5,0.3204893165,24.745220952188657