day,hour,SensorID,reading,belief,disbelief,uncertainity,atomicity,expectation,final Reading
20170312,22,481,11.475045670749704,0.31219929407,0.33663647742,0.35116422851,0.5,0.48778140833,10.247172239821733
20170312,22,1002,14.194708723714298,0.06703115845,0.59573177834,0.33723706321,0.5,0.23564969006,10.247172239821733
20170312,23,481,11.491565751285505,0.60477592024,0.19343807131,0.20178600844,0.5,0.70566892446,11.527046991532933
20170312,23,1002,14.746574152813828,0.06350933397,0.6169720754,0.31951859063,0.5,0.22326862929,11.527046991532933