day,hour,SensorID,reading,belief,disbelief,uncertainity,atomicity,expectation,final Reading
20170314,0,481,13.097086459279776,0.67499771959,0.24620797465,0.07879430576,0.5,0.71439487247,13.684081103684324
20170314,0,1002,18.1998776399075,0.15546719059,0.80948655303,0.03504625637,0.5,0.17299031878,13.684081103684324
20170314,1,481,13.7767276538467,0.69405497516,0.23033910819,0.07560591665,0.5,0.73185793349,13.792856037611557
20170314,1,1002,17.91600558781957,0.14891774764,0.81665164163,0.03443061073,0.5,0.166133053,13.792856037611557
20170314,2,481,11.821194938700566,0.70557409014,0.22027088522,0.07415502464,0.5,0.74265160246,14.20098305563737
20170314,2,1002,18.145794878787306,0.14779042082,0.81716345969,0.03504611949,0.5,0.16531348057,14.20098305563737
20170314,3,481,13.774878917476073,0.73197005626,0.19923641473,0.06879352901,0.5,0.76636682077,14.50670990323285
20170314,3,1002,17.417593973852906,0.15674541773,0.80772501514,0.03552956713,0.5,0.1745102013,14.50670990323285
20170314,4,481,13.54167953159397,0.74281697906,0.18992359259,0.06725942835,0.5,0.77644669324,15.158986750349708
20170314,4,1002,19.276890374861466,0.15351666464,0.81079338259,0.03568995277,0.5,0.17136164102,15.158986750349708
20170314,5,481,14.09938359713376,0.74796940089,0.18487890205,0.06715169706,0.5,0.78154524942,15.32374484139065
20170314,5,1002,18.395957140221302,0.15047597033,0.81364398427,0.0358800454,0.5,0.16841599303,15.32374484139065
20170314,6,481,13.396744439863806,0.75495808905,0.1785325883,0.06650932265,0.5,0.78821275038,15.718799410612318
20170314,6,1002,19.427617467371874,0.14939447832,0.81406996224,0.03653555944,0.5,0.16766225804,15.718799410612318
20170314,7,481,16.285300787532858,0.76165034056,0.17245653905,0.06589312038,0.5,0.79459690075,14.969199848153913
20170314,7,1002,22.28196272002497,0.1366003022,0.82913647107,0.03426322673,0.5,0.15373191556,14.969199848153913
20170314,8,481,17.64688262375957,0.72284584335,0.21301466614,0.06413949051,0.5,0.75491558861,15.115562441025311
20170314,8,1002,16.58545294274931,0.1354526153,0.82970086743,0.03484651726,0.5,0.15287587393,15.115562441025311
20170314,9,481,20.99234529085092,0.71998068014,0.21449597718,0.06552334268,0.5,0.75274235148,16.716469105987112
20170314,9,1002,20.880712999508187,0.13678703098,0.82756495733,0.0356480117,0.5,0.15461103683,16.716469105987112