day,hour,SensorID,reading,belief,disbelief,uncertainity,atomicity,expectation,final Reading
20170312,22,481,11.475045670749704,0.31414429878,0.32996587891,0.35588982231,0.5,0.49208920994,10.247172239821733
20170312,22,1002,14.194708723714298,0.06323861154,0.59349834196,0.3432630465,0.5,0.23487013479,10.247172239821733
20170312,23,481,11.491565751285505,0.60925487919,0.18551952088,0.20522559993,0.5,0.71186767916,11.527046991532933
20170312,23,1002,14.746574152813828,0.05928470984,0.61066295525,0.33005233491,0.5,0.2243108773,11.527046991532933