day,hour,SensorID,reading,belief,disbelief,uncertainity,atomicity,expectation,final Reading
20170310,17,481,3.9369986995324804,0.0797645843,0.0,0.9202354157,0.5,0.53988229215,3.7721742288840314
20170310,17,1002,3.888999512377814,0.16580862619,0.0,0.83419137381,0.5,0.5829043131,3.7721742288840314
20170310,17,255,3.4916004307313053,0.0,0.15764302546,0.84235697454,0.5,0.42117848727,3.7721742288840314
20170310,18,481,3.1259898658183047,0.06215103077,0.22081922304,0.71702974619,0.5,0.42066590387,4.531186823740045
20170310,18,1002,6.065165713453855,0.11345514746,0.31574641161,0.57079844093,0.5,0.39885436793,4.531186823740045
20170310,18,255,4.409675672205076,0.60923662499,0.06160112067,0.32916225433,0.5,0.77381775216,4.531186823740045
20170310,19,481,3.7590207279845003,0.04237916561,0.46869696646,0.48892386793,0.5,0.28684109957,5.618320024690985
20170310,19,1002,7.378088427350347,0.09201562805,0.44504921029,0.46293516167,0.5,0.32348320889,5.618320024690985
20170310,19,255,5.727153301393591,0.77865272973,0.03489385336,0.18645341691,0.5,0.87187943819,5.618320024690985