day,hour,SensorID,reading,belief,disbelief,uncertainity,atomicity,expectation,final Reading
20170310,17,481,3.9369986995324804,0.0797645843,0.0,0.9202354157,0.5,0.53988229215,3.7721742288840314
20170310,17,1002,3.888999512377814,0.16580862619,0.0,0.83419137381,0.5,0.5829043131,3.7721742288840314
20170310,17,255,3.4916004307313053,0.0,0.15764302546,0.84235697454,0.5,0.42117848727,3.7721742288840314
20170310,18,481,3.1259898658183047,0.06069155607,0.22116286053,0.7181455834,0.5,0.41976434777,4.531186823740045
20170310,18,1002,6.065165713453855,0.11093341795,0.31664453542,0.57242204662,0.5,0.39714444126,4.531186823740045
20170310,18,255,4.409675672205076,0.61017631361,0.06015373109,0.3296699553,0.5,0.77501129126,4.531186823740045
20170310,19,481,3.7590207279845003,0.04052403315,0.46767172792,0.49180423892,0.5,0.28642615261,5.618320024690985
20170310,19,1002,7.378088427350347,0.08844036038,0.44350145291,0.46805818671,0.5,0.32246945374,5.618320024690985
20170310,19,255,5.727153301393591,0.77807863639,0.03351789333,0.18840347028,0.5,0.87228037153,5.618320024690985