day,hour,SensorID,reading,belief,disbelief,uncertainity,atomicity,expectation,final Reading
20170315,15,481,17.682510121888573,0.88093749078,0.08458181376,0.03448069547,0.5,0.89817783852,20.43554800535516
20170315,15,1002,22.516704840035732,0.37034418565,0.59895013721,0.03070567714,0.5,0.38569702422,20.43554800535516
20170315,16,481,16.656357897402565,0.88389124069,0.08187549318,0.03423326613,0.5,0.90100787376,14.397075724359008
20170315,16,1002,17.703806818128694,0.3731941361,0.59549455728,0.03131130663,0.5,0.38884978942,14.397075724359008
20170315,17,481,16.96739531934519,0.89215415593,0.07547818767,0.0323676564,0.5,0.90833798413,17.880948615405774
20170315,17,1002,19.799151090133673,0.40490834886,0.56464135889,0.03045029225,0.5,0.42013349499,17.880948615405774
20170315,18,481,18.56210929186257,0.90103010738,0.06873719108,0.03023270154,0.5,0.91614645815,19.32975670554133
20170315,18,1002,22.891235820929996,0.42059546191,0.54903658977,0.03036794832,0.5,0.43577943607,19.32975670554133
20170315,19,481,34.41144260701447,0.76433448711,0.20936183402,0.02630367887,0.5,0.77748632655,20.754532889755584
20170315,19,1002,29.035684219233957,0.38415697278,0.58739481533,0.02844821188,0.5,0.39838107872,20.754532889755584
20170315,20,481,24.910514511443544,0.77415250013,0.2000670794,0.02578042047,0.5,0.78704271037,24.154340183635146
20170315,20,1002,30.09958473862286,0.36860192604,0.60340186424,0.02799620971,0.5,0.3826000309,24.154340183635146
20170315,21,481,24.338546380457235,0.79589482481,0.18027897297,0.02382620222,0.5,0.80780792592,24.41246590813863
20170315,21,1002,33.239961454677534,0.35241570398,0.62013114022,0.02745315581,0.5,0.36614228189,24.41246590813863
20170315,22,481,26.04498207561853,0.80684038226,0.17010199451,0.02305762323,0.5,0.81836919388,23.84863094097505
20170315,22,1002,34.22357936862354,0.32967613592,0.64398361256,0.02634025152,0.5,0.34284626168,23.84863094097505
20170315,23,481,30.557846371178947,0.80366918205,0.17277492287,0.02355589508,0.5,0.81544712959,24.745220952188657
20170315,23,1002,40.468150368014115,0.29003001412,0.68620318462,0.02376680125,0.5,0.30191341475,24.745220952188657