day,hour,SensorID,reading,belief,disbelief,uncertainity,atomicity,expectation,final Reading
20170312,22,481,11.475045670749704,0.99832874768,0.0,0.00167125232,0.5,0.99916437384,12.394192222684527
20170312,22,1002,14.194708723714298,0.9961729223,0.00216614376,0.00166093394,0.5,0.99700338927,12.394192222684527
20170312,22,1098,11.516732739753309,0.46396309585,0.0,0.53603690415,0.5,0.73198154793,12.394192222684527
20170312,22,255,2008.9786388211646,0.0,0.99949889513,5.0110487E-4,0.5,2.5055244E-4,12.394192222684527
20170312,23,481,11.491565751285505,0.99754848965,7.8156422E-4,0.00166994613,0.5,0.99838346272,13.111455640246373
20170312,23,1002,14.746574152813828,0.99539247778,0.00294788953,0.00165963269,0.5,0.99622229413,13.111455640246373
20170312,23,1098,13.100728099186002,0.75382046736,0.0,0.24617953264,0.5,0.87691023368,13.111455640246373
20170312,23,255,2009.95339550157,0.0,0.99966573746,3.3426254E-4,0.5,1.6713127E-4,13.111455640246373