day,hour,Final Reading, belief,disbelief,uncertainity,atomicity,expectation
20170624,3,34.59773893808783,0.97114689548,0.0,0.02885310452,0.5,0.98557344774
20170624,4,12.251893609009283,0.5871034064,0.0,0.4128965936,0.5,0.7935517032
20170624,5,10.291135694513663,0.74775797856,0.0,0.25224202144,0.5,0.87387898928
20170624,6,8.943117055170655,0.87243264972,0.0,0.12756735028,0.5,0.93621632486
20170624,7,7.7809786043940905,0.91283438798,0.0,0.08716561202,0.5,0.95641719399
20170624,8,8.05600888354356,0.93934136503,0.0,0.06065863497,0.5,0.96967068252
20170624,9,31.13015981983744,0.95263837588,0.0,0.04736162412,0.5,0.97631918794