day,hour,Final Reading, belief,disbelief,uncertainity,atomicity,expectation
20170616,3,11.98740669262102,0.96431289569,0.0,0.03568710431,0.5,0.98215644785
20170616,4,9.031211040434362,0.94980667742,0.0,0.05019332258,0.5,0.97490333871
20170616,5,6.821673859909065,0.93017839257,0.0,0.06982160743,0.5,0.96508919629
20170616,6,3.596752813662843,0.81035536276,0.0,0.18964463724,0.5,0.90517768138
20170616,7,3.0625450408461408,0.90102334391,0.0,0.09897665609,0.5,0.95051167196
20170616,8,2.3069146715685513,0.92013061447,0.0,0.07986938553,0.5,0.96006530724
20170616,9,6.460362457371516,0.93181701751,0.0,0.06818298249,0.5,0.96590850876
20170616,10,1.4711168578430198,0.57085585956,0.0,0.42914414044,0.5,0.78542792978
20170616,11,5.724370342480162,0.84871583832,0.0,0.15128416168,0.5,0.92435791916