day,hour,Final Reading, belief,disbelief,uncertainity,atomicity,expectation
20170624,3,34.59773893808783,0.97114689548,0.0,0.02885310452,0.5,0.98557344774
20170624,4,12.251893609009283,0.5871034064,0.0,0.4128965936,0.5,0.7935517032
20170624,5,10.291135694513663,0.74775797856,0.0,0.25224202144,0.5,0.87387898928
20170624,6,8.943117055170653,0.87243264972,0.0,0.12756735028,0.5,0.93621632486
20170624,7,7.7809786043940905,0.91283438798,0.0,0.08716561202,0.5,0.95641719399
20170624,8,8.05600888354356,0.93934136503,0.0,0.06065863497,0.5,0.96967068252
20170624,9,8.783266208956242,0.95263837588,0.0,0.04736162412,0.5,0.97631918794
20170624,10,8.447212528077271,0.96060323472,0.0,0.03939676528,0.5,0.98030161736
20170624,11,8.42360342190927,0.9638106047,0.0,0.0361893953,0.5,0.98190530235
20170624,12,8.817565593028016,0.96640751748,0.0,0.03359248252,0.5,0.98320375874
20170624,13,8.710369128010848,0.96781568746,0.0,0.03218431254,0.5,0.98390784373
20170624,14,8.349456563564226,0.96575914227,0.0,0.03424085773,0.5,0.98287957114
20170624,15,7.890645481580793,0.96272358648,0.0,0.03727641352,0.5,0.98136179324
20170624,16,7.468159003850446,0.95848402531,0.0,0.04151597469,0.5,0.97924201266
20170624,17,7.922839067943237,0.95996064907,0.0,0.04003935093,0.5,0.97998032454
20170624,18,8.603554363489058,0.96544436394,0.0,0.03455563606,0.5,0.98272218197
20170624,19,7.9653307394022805,0.97242152128,0.0,0.02757847872,0.5,0.98621076064
20170624,20,10.504740742236297,0.97207976174,0.0,0.02792023826,0.5,0.98603988087
20170624,21,10.190277506757697,0.978354031,0.0,0.021645969,0.5,0.9891770155
20170624,22,10.571965599118771,0.97584026387,0.0,0.02415973613,0.5,0.98792013194
20170624,23,12.307471967613969,0.97382701604,0.0,0.02617298396,0.5,0.98691350802
20170625,0,13.129270146267292,0.97742002879,0.0,0.02257997121,0.5,0.9887100144
20170625,1,13.090381467416943,0.98153211374,0.0,0.01846788626,0.5,0.99076605687
20170625,2,11.452867750199623,0.98323684622,0.0,0.01676315378,0.5,0.99161842311
20170625,3,33.92401989381307,0.97958689382,0.0,0.02041310618,0.5,0.98979344691
20170625,4,29.83307858396412,0.64209117403,0.0,0.35790882597,0.5,0.82104558702