day,hour,Final Reading, belief,disbelief,uncertainity,atomicity,expectation
20170625,3,33.92402053635383,0.97958692346,0.0,0.02041307654,0.5,0.98979346173
20170625,4,29.833078697761458,0.64209121484,0.0,0.35790878516,0.5,0.82104560742