day,hour,Final Reading, belief,disbelief,uncertainity,atomicity,expectation
20170618,3,118.6838203160574,0.97579752925,0.0,0.02420247075,0.5,0.98789876463