day,hour,Final Reading, belief,disbelief,uncertainity,atomicity,expectation
20170618,3,118.68382031605744,0.97579752926,0.0,0.02420247074,0.5,0.98789876463