day,hour,Final Reading, belief,disbelief,uncertainity,atomicity,expectation
20170618,3,101.71399424101952,0.96529920683,0.0,0.03470079317,0.5,0.98264960342