day,hour,Final Reading, belief,disbelief,uncertainity,atomicity,expectation
20170710,3,115.8783759350955,0.96782687509,0.0,0.03217312491,0.5,0.98391343755