day,hour,Final Reading, belief,disbelief,uncertainity,atomicity,expectation
20170616,3,37.37056505819289,0.96800280533,0.0,0.03199719467,0.5,0.98400140267
20170616,4,4.367252607762696,0.67248212311,0.0,0.32751787689,0.5,0.83624106156
20170616,5,3.042965071735421,0.80530307562,0.0,0.19469692438,0.5,0.90265153781
20170616,6,3.390060371953829,0.84305891813,0.0,0.15694108187,0.5,0.92152945907
20170616,7,2.96457498630067,0.88032043477,0.0,0.11967956523,0.5,0.94016021739
20170616,8,2.178864717385059,0.90172367383,0.0,0.09827632617,0.5,0.95086183692
20170616,9,32.85154067678291,0.9189463136,0.0,0.0810536864,0.5,0.9594731568