day,hour,Final Reading, belief,disbelief,uncertainity,atomicity,expectation
20170624,3,121.99567180900239,0.98797942753,0.0,0.01202057247,0.5,0.99398971377
20170624,4,127.07695183769734,0.53956562596,0.0,0.46043437404,0.5,0.76978281298