day,hour,Final Reading, belief,disbelief,uncertainity,atomicity,expectation
20170616,3,32.09404508874839,0.96800280533,0.0,0.03199719467,0.5,0.98400140267
20170616,4,4.526132005328559,0.36997751719,0.0,0.63002248281,0.5,0.6849887586
20170616,5,3.0656335475056387,0.71117211701,0.0,0.28882788299,0.5,0.85558605851
20170616,6,3.3895413817616,0.7909255722,0.0,0.2090744278,0.5,0.8954627861
20170616,7,2.967056936954377,0.84138275864,0.0,0.15861724136,0.5,0.92069137932
20170616,8,2.21742690850397,0.87204522465,0.0,0.12795477535,0.5,0.93602261233
20170616,9,1.9638707819873507,0.90421557871,0.0,0.09578442129,0.5,0.95210778936
20170616,10,1.4871440329149521,0.92281515903,0.0,0.07718484097,0.5,0.96140757952
20170616,11,1.4385026085041661,0.93111928206,0.0,0.06888071794,0.5,0.96555964103
20170616,12,1.3663806561469813,0.93617668398,0.0,0.06382331602,0.5,0.96808834199
20170616,13,1.7439252840044153,0.93754263291,0.0,0.06245736709,0.5,0.96877131645
20170616,14,2.1763884486469447,0.93942278164,0.0,0.06057721836,0.5,0.96971139082
20170616,15,2.4511881303382888,0.94207365285,0.0,0.05792634715,0.5,0.97103682643
20170616,16,2.5187458326277503,0.94512611154,0.0,0.05487388846,0.5,0.97256305577
20170616,17,2.4519268227986903,0.94592853115,0.0,0.05407146885,0.5,0.97296426558
20170616,18,2.4913198614900884,0.94789010183,0.0,0.05210989817,0.5,0.97394505092
20170616,19,2.61331387881719,0.9509189146,0.0,0.0490810854,0.5,0.9754594573
20170616,20,3.2071503428490775,0.94958338031,0.0,0.05041661969,0.5,0.97479169016
20170616,21,25.842917199191557,0.9543387413,0.0,0.0456612587,0.5,0.97716937065