day,hour,Final Reading, belief,disbelief,uncertainity,atomicity,expectation
20170611,3,9.194307922548393,0.9595976371,0.0,0.0404023629,0.5,0.97979881855
20170611,4,6.894672833876932,0.97104353293,0.0,0.02895646707,0.5,0.98552176647
20170611,5,12.088935447781889,0.97105802019,0.0,0.02894197981,0.5,0.9855290101
20170611,6,7.192615236183371,0.97013350168,0.0,0.02986649832,0.5,0.98506675084
20170611,7,14.902347471139063,0.97411193381,0.0,0.02588806619,0.5,0.98705596691
20170611,8,9.28930008274171,0.87426540787,0.0,0.12573459213,0.5,0.93713270393
20170611,9,4.292456720283308,0.82816573615,0.0,0.17183426385,0.5,0.91408286808
20170611,10,4.310570395041898,0.88975112942,0.0,0.11024887058,0.5,0.94487556471
20170611,11,8.52624085666633,0.91798586174,0.0,0.08201413826,0.5,0.95899293087
20170611,12,8.257406876462925,0.91003401154,0.0,0.08996598846,0.5,0.95501700577
20170611,13,3.3214840301726873,0.84508294267,0.0,0.15491705733,0.5,0.92254147134
20170611,14,12.751163008767332,0.87138254269,0.0,0.12861745731,0.5,0.93569127135
20170611,15,15.542447163732511,0.51682010913,0.0,0.48317989087,0.5,0.75841005457