day,hour,Final Reading, belief,disbelief,uncertainity,atomicity,expectation
20170616,3,32.014146051453984,0.97261624425,0.0,0.02738375575,0.5,0.98630812213
20170616,4,15.527360257919872,0.54164202029,0.0,0.45835797971,0.5,0.77082101015
20170616,5,3.1426644467159317,0.52845395733,0.0,0.47154604267,0.5,0.76422697867
20170616,6,3.553880418138291,0.69052217682,0.0,0.30947782318,0.5,0.84526108841
20170616,7,3.1311155913372164,0.72904743285,0.0,0.27095256715,0.5,0.86452371642
20170616,8,2.3241666924476996,0.76815165028,0.0,0.23184834972,0.5,0.88407582514
20170616,9,26.27824926028274,0.80957425835,0.0,0.19042574165,0.5,0.90478712918