day,hour,Final Reading, belief,disbelief,uncertainity,atomicity,expectation
20170624,3,120.75414170773787,0.99180523487,0.0,0.00819476513,0.5,0.99590261744
20170624,4,130.90855011927246,0.75217851262,0.0,0.24782148738,0.5,0.87608925631
20170624,5,10.204971957638,0.58812955959,0.0,0.41187044041,0.5,0.7940647798
20170624,6,8.81203042827904,0.60272562995,0.0,0.39727437005,0.5,0.80136281498
20170624,7,7.603330656153422,0.61865517481,0.0,0.38134482519,0.5,0.80932758741
20170624,8,8.018438628022208,0.62819538773,0.0,0.37180461227,0.5,0.81409769387
20170624,9,8.614191624148974,0.64164282,0.0,0.35835718,0.5,0.82082141
20170624,10,8.47561254286318,0.65733560736,0.0,0.34266439264,0.5,0.82866780368
20170624,11,8.43359472870065,0.66926751053,0.0,0.33073248947,0.5,0.83463375527
20170624,12,8.790192595120669,0.68132538268,0.0,0.31867461732,0.5,0.84066269134
20170624,13,8.86916010865667,0.69134120576,0.0,0.30865879424,0.5,0.84567060288
20170624,14,8.56419858541505,0.70940118119,0.0,0.29059881881,0.5,0.85470059059
20170624,15,7.925956107340445,0.73385771836,0.0,0.26614228164,0.5,0.86692885918
20170624,16,7.473089359719717,0.75395149623,0.0,0.24604850377,0.5,0.87697574812
20170624,17,7.962479274880232,0.77048297795,0.0,0.22951702205,0.5,0.88524148898
20170624,18,8.63940698464625,0.79286889108,0.0,0.20713110892,0.5,0.89643444554
20170624,19,7.996931681448706,0.82533229635,0.0,0.17466770365,0.5,0.91266614818
20170624,20,10.54040876700729,0.84184726025,0.0,0.15815273975,0.5,0.92092363013
20170624,21,118.98720764235338,0.8670664621,0.0,0.1329335379,0.5,0.93353323105
20170624,22,98.1397296297756,0.55737413426,0.0,0.44262586574,0.5,0.77868706713