day,hour,Final Reading, belief,disbelief,uncertainity,atomicity,expectation
20170624,3,108.67240145902412,0.98341286999,0.0,0.01658713001,0.5,0.991706435