day,hour,Final Reading, belief,disbelief,uncertainity,atomicity,expectation
20170612,3,31.750601789362726,0.96650011471,0.0,0.03349988529,0.5,0.98325005736
20170612,4,30.2967788757572,0.45706652903,0.0,0.54293347097,0.5,0.72853326452