day,hour,Final Reading, belief,disbelief,uncertainity,atomicity,expectation
20170613,3,30.172727678742856,0.95279284253,0.0,0.04720715747,0.5,0.97639642127
20170613,3,30.172727678742856,0.95279284253,0.0,0.04720715747,0.5,0.97639642127