day,hour,Final Reading, belief,disbelief,uncertainity,atomicity,expectation
20170623,3,117.10504830173534,0.98643212161,0.0,0.01356787839,0.5,0.99321606081
20170623,4,56.152462777096716,0.45018659855,0.0,0.54981340145,0.5,0.72509329928
20170623,5,14.966627263142998,0.24583790663,0.0,0.75416209337,0.5,0.62291895331
20170623,6,14.319407935706229,0.24574928688,0.0,0.75425071312,0.5,0.62287464344
20170623,7,12.460109226496158,0.24578489655,0.0,0.75421510345,0.5,0.62289244828
20170623,8,11.123080265238473,0.24583790663,0.0,0.75416209337,0.5,0.62291895331
20170623,9,12.053054668022753,0.24580885963,0.0,0.75419114037,0.5,0.62290442981
20170623,10,12.566781736237072,0.24583790663,0.0,0.75416209337,0.5,0.62291895331
20170623,11,14.325260187409086,0.24590933587,0.0,0.75409066413,0.5,0.62295466794
20170623,12,13.882074552796533,0.2456992822,0.0,0.7543007178,0.5,0.6228496411
20170623,13,12.561275193353032,0.24588537918,0.0,0.75411462082,0.5,0.62294268959
20170623,14,11.884355378003399,0.24580885963,0.0,0.75419114037,0.5,0.62290442981
20170623,15,12.465558702205412,0.24588537918,0.0,0.75411462082,0.5,0.62294268959
20170623,16,80.65848542181308,0.86914814737,0.0,0.13085185263,0.5,0.93457407369