day,hour,Final Reading, belief,disbelief,uncertainity,atomicity,expectation
20170616,3,30.32380469567713,0.97996040896,0.0,0.02003959104,0.5,0.98998020448
20170616,4,29.31802861651037,0.7534473497,0.0,0.2465526503,0.5,0.87672367485
20170616,5,12.961742394934326,0.47958854527,0.0,0.52041145473,0.5,0.73979427264
20170616,6,28.143126994908265,0.43027651986,0.0,0.56972348014,0.5,0.71513825993