day,hour,Final Reading, belief,disbelief,uncertainity,atomicity,expectation
20170616,3,67.51248899521212,0.97261624425,0.0,0.02738375575,0.5,0.98630812213
20170616,4,6.057226270331749,0.35820188814,0.0,0.64179811186,0.5,0.67910094407
20170616,5,2.9447960560088333,0.55437775712,0.0,0.44562224288,0.5,0.77718887856
20170616,6,3.3821429493755897,0.6233836478,0.0,0.3766163522,0.5,0.8116918239
20170616,7,2.7016401653666895,0.67774995813,0.0,0.32225004187,0.5,0.83887497907
20170616,8,2.06972423815238,0.71746968543,0.0,0.28253031457,0.5,0.85873484272
20170616,9,1.7344704240533813,0.75574237042,0.0,0.24425762958,0.5,0.87787118521
20170616,10,1.2963926282898206,0.80043389002,0.0,0.19956610998,0.5,0.90021694501
20170616,11,1.2615986527755219,0.80642369281,0.0,0.19357630719,0.5,0.90321184641
20170616,12,1.2170999815396641,0.84185854071,0.0,0.15814145929,0.5,0.92092927036
20170616,13,1.6349324871408168,0.85603578802,0.0,0.14396421198,0.5,0.92801789401
20170616,14,2.073982745067696,0.87258944048,0.0,0.12741055952,0.5,0.93629472024
20170616,15,2.3879235562033045,0.89620266852,0.0,0.10379733148,0.5,0.94810133426
20170616,16,2.4638602352520267,0.91262318246,0.0,0.08737681754,0.5,0.95631159123
20170616,17,2.409154758761395,0.92113970834,0.0,0.07886029166,0.5,0.96056985417
20170616,18,2.4926127177159083,0.93336887502,0.0,0.06663112498,0.5,0.96668443751
20170616,19,2.6070155942652753,0.94185886592,0.0,0.05814113408,0.5,0.97092943296
20170616,20,3.1953568910304497,0.94489431345,0.0,0.05510568655,0.5,0.97244715673
20170616,21,55.706883315587355,0.95310559534,0.0,0.04689440466,0.5,0.97655279767