day,hour,Final Reading, belief,disbelief,uncertainity,atomicity,expectation
20170624,3,100.54760783504035,0.9787156479,0.0,0.0212843521,0.5,0.98935782395