day,hour,Final Reading, belief,disbelief,uncertainity,atomicity,expectation
20170616,3,35.10533065894983,0.97996040895,0.0,0.02003959105,0.5,0.98998020448
20170616,4,35.11841698810715,0.79146128816,0.0,0.20853871184,0.5,0.89573064408
20170616,5,36.67124830682407,0.6607485747,0.0,0.3392514253,0.5,0.83037428735
20170616,6,53.51372042163932,0.3971663859,0.0,0.6028336141,0.5,0.69858319295
20170616,7,53.03665614714525,0.42129072454,0.0,0.57870927546,0.5,0.71064536227
20170616,8,2.1236538027962797,0.44205678901,0.0,0.55794321099,0.5,0.72102839451
20170616,9,1.8875387081883679,0.45722383827,0.0,0.54277616173,0.5,0.72861191914
20170616,10,1.405083062927986,0.48153991131,0.0,0.51846008869,0.5,0.74076995566
20170616,11,1.5318419128538763,0.50375909593,0.0,0.49624090407,0.5,0.75187954797
20170616,12,1.3629927121425554,0.52274564978,0.0,0.47725435022,0.5,0.76137282489
20170616,13,1.6888080743412568,0.54601846697,0.0,0.45398153303,0.5,0.77300923349
20170616,14,2.16304162357242,0.5680725415,0.0,0.4319274585,0.5,0.78403627075
20170616,15,2.2272249741855816,0.59823890713,0.0,0.40176109287,0.5,0.79911945357
20170616,16,2.3676436816959554,0.6178635792,0.0,0.3821364208,0.5,0.8089317896
20170616,17,2.2982510024801335,0.63517723937,0.0,0.36482276063,0.5,0.81758861969
20170616,18,2.177022718528849,0.65522712049,0.0,0.34477287951,0.5,0.82761356025
20170616,19,2.5414301245498194,0.67493721181,0.0,0.32506278819,0.5,0.83746860591
20170616,20,3.37856998692171,0.69298281393,0.0,0.30701718607,0.5,0.84649140697
20170616,21,30.34268836310049,0.79491267261,0.0,0.20508732739,0.5,0.89745633631