day,hour,Final Reading, belief,disbelief,uncertainity,atomicity,expectation
20170616,3,16.071208971244648,0.96800280533,0.0,0.03199719467,0.5,0.98400140267
20170616,4,14.284260650091896,0.96226210183,0.0,0.03773789817,0.5,0.98113105092
20170616,5,3.181378256139919,0.96084006971,0.0,0.03915993029,0.5,0.98042003486
20170616,6,3.5358128237723436,0.95524590486,0.0,0.04475409514,0.5,0.97762295243
20170616,7,3.038195169944141,0.95230060682,0.0,0.04769939318,0.5,0.97615030341
20170616,8,2.289633922711593,0.95156615349,0.0,0.04843384651,0.5,0.97578307675
20170616,9,10.514656714071211,0.95092038289,0.0,0.04907961711,0.5,0.97546019145
20170616,10,12.288762802627936,0.75121155585,0.0,0.24878844415,0.5,0.87560577793
20170616,11,1.4696051643085026,0.80824965175,0.0,0.19175034825,0.5,0.90412482588
20170616,12,1.2441465333109911,0.81973366867,0.0,0.18026633133,0.5,0.90986683434
20170616,13,1.658445375551109,0.83684129629,0.0,0.16315870371,0.5,0.91842064815
20170616,14,2.0475802475820584,0.85335000965,0.0,0.14664999035,0.5,0.92667500483
20170616,15,10.870525976879787,0.90442230364,0.0,0.09557769636,0.5,0.95221115182