day,hour,Final Reading, belief,disbelief,uncertainity,atomicity,expectation
20170611,3,30.71956705062954,0.95902741765,0.0,0.04097258235,0.5,0.97951370883
20170611,4,22.721094230227862,0.78877579688,0.0,0.21122420312,0.5,0.89438789844