day,hour,Final Reading, belief,disbelief,uncertainity,atomicity,expectation
20170611,3,36.2756583436317,0.95902741765,0.0,0.04097258235,0.5,0.97951370883
20170611,4,39.230322955731175,0.78859736586,0.0,0.21140263414,0.5,0.89429868293