day,hour,Final Reading, belief,disbelief,uncertainity,atomicity,expectation
20170624,3,40.20426530319273,0.9787156479,0.0,0.0212843521,0.5,0.98935782395
20170624,4,39.53607586873495,0.78269139671,0.0,0.21730860329,0.5,0.89134569836
20170624,5,23.42874265088509,0.46462393569,0.0,0.53537606431,0.5,0.73231196785