day,hour,Final Reading, belief,disbelief,uncertainity,atomicity,expectation
20170612,3,96.50308353887395,0.96978917007,0.0,0.03021082993,0.5,0.98489458504