day,hour,Final Reading, belief,disbelief,uncertainity,atomicity,expectation
20170612,3,75.99869845159786,0.95965398119,0.0,0.04034601881,0.5,0.9798269906