day,hour,Final Reading, belief,disbelief,uncertainity,atomicity,expectation
20170616,3,37.37056505819289,0.96800280533,0.0,0.03199719467,0.5,0.98400140267
20170616,4,46.4053623379981,0.67248212311,0.0,0.32751787689,0.5,0.83624106156
20170616,5,53.057761420361835,0.93921902838,0.0,0.06078097162,0.5,0.96960951419
20170616,6,53.494023226434685,0.93685333917,0.0,0.06314666083,0.5,0.96842666959
20170616,7,52.98265884228629,0.93369032886,0.0,0.06630967114,0.5,0.96684516443
20170616,8,2.235284956396815,0.93025071955,0.0,0.06974928045,0.5,0.96512535978
20170616,9,1.990550461191564,0.92181826469,0.0,0.07818173531,0.5,0.96090913235
20170616,10,1.474502722410595,0.91297490335,0.0,0.08702509665,0.5,0.95648745168
20170616,11,1.5719940417372622,0.90584828311,0.0,0.09415171689,0.5,0.95292414156
20170616,12,1.3766053187822649,0.89852084455,0.0,0.10147915545,0.5,0.94926042228
20170616,13,1.7674941755140943,0.88375871583,0.0,0.11624128417,0.5,0.94187935792
20170616,14,2.2192363782467193,0.89403293407,0.0,0.10596706593,0.5,0.94701646704
20170616,15,2.447064416291116,0.90887363328,0.0,0.09112636672,0.5,0.95443681664
20170616,16,2.5149658408342144,0.91974932645,0.0,0.08025067355,0.5,0.95987466323
20170616,17,2.444466968591455,0.92762076306,0.0,0.07237923694,0.5,0.96381038153
20170616,18,2.4920343134345893,0.93632100522,0.0,0.06367899478,0.5,0.96816050261
20170616,19,2.610464678255119,0.94284188756,0.0,0.05715811244,0.5,0.97142094378
20170616,20,3.206982546123274,0.94430463062,0.0,0.05569536938,0.5,0.97215231531
20170616,21,3.6715697908531126,0.95148609426,0.0,0.04851390574,0.5,0.97574304713
20170616,22,3.8462527829229867,0.96199489341,0.0,0.03800510659,0.5,0.98099744671
20170616,23,3.849413129694083,0.96048795039,0.0,0.03951204961,0.5,0.9802439752
20170617,0,3.9347173554892145,0.95906655059,0.0,0.04093344941,0.5,0.9795332753
20170617,1,4.780932998741446,0.95943373551,0.0,0.04056626449,0.5,0.97971686776
20170617,2,5.100378126451902,0.96012265803,0.0,0.03987734197,0.5,0.98006132902
20170617,3,32.793097085861916,0.96661990387,0.0,0.03338009613,0.5,0.98330995194
20170617,4,29.885947357721527,0.44159746329,0.0,0.55840253671,0.5,0.72079873165