day,hour,Final Reading, belief,disbelief,uncertainity,atomicity,expectation
20170616,3,37.37056505819289,0.96800280533,0.0,0.03199719467,0.5,0.98400140267
20170616,4,46.4053623379981,0.67248212311,0.0,0.32751787689,0.5,0.83624106156
20170616,5,3.057761420361847,0.93921902838,0.0,0.06078097162,0.5,0.96960951419
20170616,6,3.4935141951338737,0.93497161245,0.0,0.06502838755,0.5,0.96748580623
20170616,7,2.9823089175190196,0.92901952174,0.0,0.07098047826,0.5,0.96450976087
20170616,8,2.264235597586381,0.92631036935,0.0,0.07368963065,0.5,0.96315518468
20170616,9,1.9867158361827186,0.92507038332,0.0,0.07492961668,0.5,0.96253519166
20170616,10,1.486366817643843,0.92575226515,0.0,0.07424773485,0.5,0.96287613258
20170616,11,1.4526723967986896,0.93094196268,0.0,0.06905803732,0.5,0.96547098134
20170616,12,1.3669737676981728,0.93455325294,0.0,0.06544674706,0.5,0.96727662647
20170616,13,1.74626992123538,0.93446365769,0.0,0.06553634231,0.5,0.96723182884
20170616,14,2.1778395944518736,0.93698555862,0.0,0.06301444138,0.5,0.96849277931
20170616,15,2.4499758784282837,0.94027584698,0.0,0.05972415302,0.5,0.97013792349
20170616,16,2.5182373150440798,0.94404935473,0.0,0.05595064527,0.5,0.97202467737
20170616,17,2.4509241190259843,0.9452694195,0.0,0.0547305805,0.5,0.97263470975
20170616,18,2.491009665499464,0.94755012384,0.0,0.05244987616,0.5,0.97377506192
20170616,19,2.6129723901656043,0.95066951392,0.0,0.04933048608,0.5,0.97533475696
20170616,20,3.2071316485115258,0.9494286281,0.0,0.0505713719,0.5,0.97471431405
20170616,21,3.6748235507632927,0.95425065003,0.0,0.04574934997,0.5,0.97712532502
20170616,22,3.846817041549708,0.9632902052,0.0,0.0367097948,0.5,0.9816451026
20170616,23,3.8502628638508716,0.96133567843,0.0,0.03866432157,0.5,0.98066783922
20170617,0,3.935065583348967,0.95956407167,0.0,0.04043592833,0.5,0.97978203584
20170617,1,4.781092038901343,0.95973689938,0.0,0.04026310062,0.5,0.97986844969
20170617,2,5.100681827019576,0.96029774514,0.0,0.03970225486,0.5,0.98014887257
20170617,3,32.78737930489793,0.96671535751,0.0,0.03328464249,0.5,0.98335767876
20170617,4,29.88512087657083,0.44157157114,0.0,0.55842842886,0.5,0.72078578557