day,hour,Final Reading, belief,disbelief,uncertainity,atomicity,expectation
20170616,3,11.973139822077421,0.96800280533,0.0,0.03199719467,0.5,0.98400140267
20170616,4,9.445844137372292,0.95566021705,0.0,0.04433978295,0.5,0.97783010853
20170616,5,3.1313997559447593,0.94536392994,0.0,0.05463607006,0.5,0.97268196497
20170616,6,3.4565089076465245,0.94127626325,0.0,0.05872373675,0.5,0.97063813163
20170616,7,3.034013316941614,0.94344616658,0.0,0.05655383342,0.5,0.97172308329
20170616,8,2.2941824546917062,0.94624300953,0.0,0.05375699047,0.5,0.97312150476
20170616,9,6.535667440381344,0.94791616527,0.0,0.05208383473,0.5,0.97395808264
20170616,10,5.640402817576733,0.76748064904,0.0,0.23251935096,0.5,0.88374032452