day,hour,Final Reading, belief,disbelief,uncertainity,atomicity,expectation
20170624,3,41.729628848063875,0.98341286998,0.0,0.01658713002,0.5,0.99170643499
20170624,4,42.40391385433672,0.88354422444,0.0,0.11645577556,0.5,0.94177211222
20170624,5,41.93141950307145,0.84481743661,0.0,0.15518256339,0.5,0.92240871831
20170624,6,52.27520431159198,0.81067964967,0.0,0.18932035033,0.5,0.90533982484
20170624,7,7.803329992624025,0.96994688453,0.0,0.03005311547,0.5,0.98497344227
20170624,8,7.979833701459526,0.96759516394,0.0,0.03240483606,0.5,0.98379758197
20170624,9,8.511547390712867,0.9665006877,0.0,0.0334993123,0.5,0.98325034385
20170624,10,8.363025593024735,0.96518427284,0.0,0.03481572716,0.5,0.98259213642
20170624,11,8.43575707654734,0.96407567929,0.0,0.03592432071,0.5,0.98203783965
20170624,12,8.817634175774959,0.9638518927,0.0,0.0361481073,0.5,0.98192594635
20170624,13,8.885993283281577,0.96496535744,0.0,0.03503464256,0.5,0.98248267872
20170624,14,8.572452211804775,0.96651677436,0.0,0.03348322564,0.5,0.98325838718
20170624,15,36.17343442680131,0.96882067058,0.0,0.03117932942,0.5,0.98441033529
20170624,16,32.961061620725914,0.7533306517,0.0,0.2466693483,0.5,0.87666532585
20170624,17,41.02678971670873,0.33894489582,0.0,0.66105510418,0.5,0.66947244791