day,hour,Final Reading, belief,disbelief,uncertainity,atomicity,expectation
20170612,3,97.22143450707,0.97559151441,0.0,0.02440848559,0.5,0.98779575721
20170612,4,44.6963517463503,0.42190262091,0.0,0.57809737909,0.5,0.71095131046
20170612,5,5.637779451105798,0.3072349569,0.0,0.6927650431,0.5,0.65361747845
20170612,6,71.73825619233367,0.46937071216,0.0,0.53062928784,0.5,0.73468535608