day,hour,Final Reading, belief,disbelief,uncertainity,atomicity,expectation
20170624,3,100.54760783504035,0.97871564791,0.0,0.02128435209,0.5,0.98935782396