day,hour,Final Reading, belief,disbelief,uncertainity,atomicity,expectation
20170625,3,118.85077457664815,0.98893200102,0.0,0.01106799898,0.5,0.99446600051
20170625,4,124.86414755852097,0.58815799643,0.0,0.41184200357,0.5,0.79407899822