day,hour,Final Reading, belief,disbelief,uncertainity,atomicity,expectation
20170616,3,12.677594702661398,0.97996040896,0.0,0.02003959104,0.5,0.98998020448
20170616,4,10.511394725134762,0.97747544708,0.0,0.02252455292,0.5,0.98873772354
20170616,5,8.827770127192071,0.97624070194,0.0,0.02375929806,0.5,0.98812035097
20170616,6,9.216995655836076,0.96433583767,0.0,0.03566416233,0.5,0.98216791884
20170616,7,8.844884827275465,0.95059725974,0.0,0.04940274026,0.5,0.97529862987
20170616,8,2.3339798787892954,0.93610052508,0.0,0.06389947492,0.5,0.96805026254
20170616,9,1.9623297368660455,0.93827541644,0.0,0.06172458356,0.5,0.96913770822
20170616,10,1.4913723588852064,0.94143167181,0.0,0.05856832819,0.5,0.97071583591
20170616,11,1.4544137887296291,0.94274971269,0.0,0.05725028731,0.5,0.97137485635
20170616,12,1.3673269823544307,0.94476200838,0.0,0.05523799162,0.5,0.97238100419
20170616,13,1.7450180940310138,0.9443520629,0.0,0.0556479371,0.5,0.97217603145
20170616,14,2.1216915801603125,0.94395292619,0.0,0.05604707381,0.5,0.9719764631
20170616,15,7.607539419382703,0.94405721406,0.0,0.05594278594,0.5,0.97202860703
20170616,16,7.544669634966322,0.86998064782,0.0,0.13001935218,0.5,0.93499032391
20170616,17,7.417160749883852,0.80630183464,0.0,0.19369816536,0.5,0.90315091732
20170616,18,7.475063932642114,0.71975394336,0.0,0.28024605664,0.5,0.85987697168