day,hour,Final Reading, belief,disbelief,uncertainity,atomicity,expectation
20170616,3,16.104710698857968,0.9643128957,0.0,0.0356871043,0.5,0.98215644785
20170616,4,14.279225642380325,0.95872796682,0.0,0.04127203318,0.5,0.97936398341
20170616,5,3.182635427355221,0.95709155951,0.0,0.04290844049,0.5,0.97854577976
20170616,6,3.5384637949776607,0.94910750185,0.0,0.05089249815,0.5,0.97455375093
20170616,7,3.038509170736099,0.9464333278,0.0,0.0535666722,0.5,0.9732166639
20170616,8,2.291894199505629,0.94693167069,0.0,0.05306832931,0.5,0.97346583535
20170616,9,1.951721548476246,0.94677848442,0.0,0.05322151558,0.5,0.97338924221
20170616,10,1.490033240195898,0.94522596855,0.0,0.05477403145,0.5,0.97261298428
20170616,11,1.441273082705647,0.94347988665,0.0,0.05652011335,0.5,0.97173994333
20170616,12,1.3669642928394412,0.94229343772,0.0,0.05770656228,0.5,0.97114671886
20170616,13,1.7457622585018664,0.93956868497,0.0,0.06043131503,0.5,0.96978434249
20170616,14,2.177997973996748,0.93909865384,0.0,0.06090134616,0.5,0.96954932692
20170616,15,10.585973398252989,0.94057356321,0.0,0.05942643679,0.5,0.97028678161