day,hour,Final Reading, belief,disbelief,uncertainity,atomicity,expectation
20170616,3,30.32380469567713,0.97996040896,0.0,0.02003959104,0.5,0.98998020448
20170616,4,29.31802861651038,0.75344734969,0.0,0.24655265031,0.5,0.87672367485
20170616,5,3.0920500973226415,0.47958854527,0.0,0.52041145473,0.5,0.73979427264
20170616,6,3.4496911246135973,0.5741905845,0.0,0.4258094155,0.5,0.78709529225
20170616,7,3.010729534333188,0.60477792466,0.0,0.39522207534,0.5,0.80238896233
20170616,8,2.216307434740793,0.63703060551,0.0,0.36296939449,0.5,0.81851530276
20170616,9,23.354208201255954,0.65976486963,0.0,0.34023513037,0.5,0.82988243482