day,hour,Final Reading, belief,disbelief,uncertainity,atomicity,expectation
20170612,3,27.87268113189179,0.95965398119,0.0,0.04034601881,0.5,0.9798269906