day,hour,Final Reading, belief,disbelief,uncertainity,atomicity,expectation
20170616,3,67.89793975465872,0.96431289569,0.0,0.03568710431,0.5,0.98215644785