day,hour,Final Reading, belief,disbelief,uncertainity,atomicity,expectation
20170616,3,15.48106169719745,0.97996040896,0.0,0.02003959104,0.5,0.98998020448
20170616,4,13.378551927558956,0.97104971423,0.0,0.02895028577,0.5,0.98552485712
20170616,5,11.777452822123498,0.9643075526,0.0,0.0356924474,0.5,0.9821537763
20170616,6,12.078508848313545,0.91657288381,0.0,0.08342711619,0.5,0.95828644191
20170616,7,3.022711939352036,0.86223943882,0.0,0.13776056118,0.5,0.93111971941
20170616,8,2.249567137389159,0.87458464344,0.0,0.12541535656,0.5,0.93729232172
20170616,9,1.9824960560694145,0.8842663498,0.0,0.1157336502,0.5,0.9421331749
20170616,10,1.4913170513688394,0.90132346022,0.0,0.09867653978,0.5,0.95066173011
20170616,11,1.4523152843220608,0.90954245599,0.0,0.09045754401,0.5,0.954771228
20170616,12,1.3311782926431297,0.91492431611,0.0,0.08507568389,0.5,0.95746215806
20170616,13,1.70022865638051,0.91866563764,0.0,0.08133436236,0.5,0.95933281882
20170616,14,2.1196690039953645,0.92221842619,0.0,0.07778157381,0.5,0.9611092131
20170616,15,2.3785580207949937,0.92616445446,0.0,0.07383554554,0.5,0.96308222723
20170616,16,2.460583682311599,0.93045529643,0.0,0.06954470357,0.5,0.96522764822
20170616,17,2.4077907388212285,0.93406479288,0.0,0.06593520712,0.5,0.96703239644
20170616,18,2.489920711735143,0.9421146646,0.0,0.0578853354,0.5,0.9710573323
20170616,19,2.605007876005779,0.94690904789,0.0,0.05309095211,0.5,0.97345452395
20170616,20,3.1980550578877254,0.94950315598,0.0,0.05049684402,0.5,0.97475157799
20170616,21,11.833048628785987,0.95551556783,0.0,0.04448443217,0.5,0.97775778392
20170616,22,12.53133116979499,0.84676903463,0.0,0.15323096537,0.5,0.92338451732
20170616,23,11.574636883297856,0.77382888746,0.0,0.22617111254,0.5,0.88691444373
20170617,0,11.689660814629889,0.64109702381,0.0,0.35890297619,0.5,0.82054851191