day,hour,Final Reading, belief,disbelief,uncertainity,atomicity,expectation
20170618,3,100.82105718046759,0.97579752925,0.0,0.02420247075,0.5,0.98789876463