day,hour,Final Reading, belief,disbelief,uncertainity,atomicity,expectation
20170616,3,14.46183031987854,0.97261624425,0.0,0.02738375575,0.5,0.98630812213
20170616,4,11.599337282601178,0.93406317446,0.0,0.06593682554,0.5,0.96703158723
20170616,5,9.48018043759242,0.89717126065,0.0,0.10282873935,0.5,0.94858563033
20170616,6,5.959511034465781,0.74120637431,0.0,0.25879362569,0.5,0.87060318716
20170616,7,3.5138429297671685,0.75760360427,0.0,0.24239639573,0.5,0.87880180213
20170616,8,2.5393984671239416,0.77779764072,0.0,0.22220235928,0.5,0.88889882036
20170616,9,1.981432592527406,0.84322651987,0.0,0.15677348013,0.5,0.92161325994
20170616,10,1.5066181299940367,0.88653700444,0.0,0.11346299556,0.5,0.94326850222
20170616,11,1.446423989831783,0.90076575742,0.0,0.09923424258,0.5,0.95038287871
20170616,12,1.330538598674012,0.90880257739,0.0,0.09119742261,0.5,0.9544012887
20170616,13,1.7470588821376396,0.92053173183,0.0,0.07946826817,0.5,0.96026586592
20170616,14,2.1763916101036385,0.92756040443,0.0,0.07243959557,0.5,0.96378020222
20170616,15,9.084609049793595,0.93454434476,0.0,0.06545565524,0.5,0.96727217238
20170616,16,6.279950874958755,0.5866619315,0.0,0.4133380685,0.5,0.79333096575