day,hour,Final Reading, belief,disbelief,uncertainity,atomicity,expectation
20170616,3,32.094045088748395,0.96800280533,0.0,0.03199719467,0.5,0.98400140267
20170616,4,4.526132005328559,0.36997751719,0.0,0.63002248281,0.5,0.6849887586
20170616,5,3.0656335475056387,0.71117211701,0.0,0.28882788299,0.5,0.85558605851
20170616,6,3.3895413817616,0.79092557221,0.0,0.20907442779,0.5,0.89546278611
20170616,7,2.9670569369543776,0.84138275864,0.0,0.15861724136,0.5,0.92069137932
20170616,8,2.217426908503971,0.87204522464,0.0,0.12795477536,0.5,0.93602261232
20170616,9,1.963870781987351,0.90421557872,0.0,0.09578442128,0.5,0.95210778936
20170616,10,1.4871440329149521,0.92281515904,0.0,0.07718484096,0.5,0.96140757952
20170616,11,1.4385026085041663,0.93111928206,0.0,0.06888071794,0.5,0.96555964103
20170616,12,1.3663806561469813,0.93617668398,0.0,0.06382331602,0.5,0.96808834199
20170616,13,1.743925284004415,0.93754263291,0.0,0.06245736709,0.5,0.96877131645
20170616,14,2.1763884486469447,0.93942278164,0.0,0.06057721836,0.5,0.96971139082
20170616,15,24.962562149537074,0.94207365285,0.0,0.05792634715,0.5,0.97103682643