day,hour,Final Reading, belief,disbelief,uncertainity,atomicity,expectation
20170612,3,28.06419333121529,0.96650011471,0.0,0.03349988529,0.5,0.98325005736
20170612,4,15.030352046076702,0.51514941192,0.0,0.48485058808,0.5,0.75757470596
20170612,5,29.852526064160074,0.45469636638,0.0,0.54530363362,0.5,0.72734818319