day,hour,Final Reading, belief,disbelief,uncertainity,atomicity,expectation
20170616,3,37.230267687908125,0.97261624425,0.0,0.02738375575,0.5,0.98630812213
20170616,4,38.94540505323657,0.76041293947,0.0,0.23958706053,0.5,0.88020646974
20170616,5,3.1059004157578647,0.7717180974,0.0,0.2282819026,0.5,0.8858590487
20170616,6,3.4449227838950525,0.79549779096,0.0,0.20450220904,0.5,0.89774889548
20170616,7,2.9786165045987976,0.82590836591,0.0,0.17409163409,0.5,0.91295418296
20170616,8,2.13913488959953,0.84596513924,0.0,0.15403486076,0.5,0.92298256962
20170616,9,1.8326257177427363,0.85964070754,0.0,0.14035929246,0.5,0.92982035377
20170616,10,1.3128106784293296,0.867867625,0.0,0.132132375,0.5,0.9339338125
20170616,11,1.348385891158693,0.87342068633,0.0,0.12657931367,0.5,0.93671034317
20170616,12,1.2640797836291013,0.88944803285,0.0,0.11055196715,0.5,0.94472401643
20170616,13,1.741851687880367,0.90979740017,0.0,0.09020259983,0.5,0.95489870009
20170616,14,2.1737072098909485,0.91986795423,0.0,0.08013204577,0.5,0.95993397712
20170616,15,2.44585093005591,0.9288904914,0.0,0.0711095086,0.5,0.9644452457
20170616,16,2.5149063351122622,0.93693409461,0.0,0.06306590539,0.5,0.96846704731
20170616,17,2.4474698920621747,0.94160128761,0.0,0.05839871239,0.5,0.97080064381
20170616,18,2.491496120181466,0.94639744562,0.0,0.05360255438,0.5,0.97319872281
20170616,19,2.6098996946113844,0.95038142623,0.0,0.04961857377,0.5,0.97519071312
20170616,20,3.2037176952249204,0.95110118285,0.0,0.04889881715,0.5,0.97555059143
20170616,21,30.587625600888316,0.95630586215,0.0,0.04369413785,0.5,0.97815293108