day,hour,Final Reading, belief,disbelief,uncertainity,atomicity,expectation
20170616,3,37.230267687908125,0.97261624424,0.0,0.02738375576,0.5,0.98630812212
20170616,4,4.902526831897076,0.76041293947,0.0,0.23958706053,0.5,0.88020646974
20170616,5,3.044797875728391,0.8363402565,0.0,0.1636597435,0.5,0.91817012825
20170616,6,3.393501679657197,0.85535574619,0.0,0.14464425381,0.5,0.9276778731
20170616,7,2.968803066699348,0.8780667153,0.0,0.1219332847,0.5,0.93903335765
20170616,8,2.2891337398416014,0.90015028703,0.0,0.09984971297,0.5,0.95007514352
20170616,9,1.9467831936094804,0.91378990494,0.0,0.08621009506,0.5,0.95689495247
20170616,10,1.4844940856079691,0.92259000812,0.0,0.07740999188,0.5,0.96129500406
20170616,11,1.3812670153510458,0.92688463845,0.0,0.07311536155,0.5,0.96344231923
20170616,12,1.3648017357725581,0.93314852447,0.0,0.06685147553,0.5,0.96657426224
20170616,13,1.7418903210458552,0.93554731209,0.0,0.06445268791,0.5,0.96777365605
20170616,14,2.1747095450161833,0.93878341103,0.0,0.06121658897,0.5,0.96939170552
20170616,15,2.449034069221773,0.94235994081,0.0,0.05764005919,0.5,0.97117997041
20170616,16,2.5166921754771763,0.94620120217,0.0,0.05379879783,0.5,0.97310060109
20170616,17,2.450053201723508,0.94816647156,0.0,0.05183352844,0.5,0.97408323578
20170616,18,2.4914029422409123,0.95067532206,0.0,0.04932467794,0.5,0.97533766103
20170616,19,2.611088983053078,0.95344923324,0.0,0.04655076676,0.5,0.97672461662
20170616,20,3.2031809786250305,0.95335871232,0.0,0.04664128768,0.5,0.97667935616
20170616,21,30.52082993113216,0.95775072012,0.0,0.04224927988,0.5,0.97887536006