day,hour,Final Reading, belief,disbelief,uncertainity,atomicity,expectation
20170613,3,7.495246555718128,0.95200415645,0.0,0.04799584355,0.5,0.97600207823
20170613,4,7.551612377457143,0.84679783075,0.0,0.15320216925,0.5,0.92339891538
20170613,5,3.2165661559898457,0.68143168785,0.0,0.31856831215,0.5,0.84071584393
20170613,6,8.564783305104804,0.85949914158,0.0,0.14050085842,0.5,0.92974957079
20170613,7,8.091239376952084,0.72888890172,0.0,0.27111109828,0.5,0.86444445086
20170613,8,7.328567454353893,0.60988741635,0.0,0.39011258365,0.5,0.80494370818