day,hour,Final Reading, belief,disbelief,uncertainity,atomicity,expectation
20170616,3,16.10471069885797,0.9643128957,0.0,0.0356871043,0.5,0.98215644785
20170616,4,4.8162965158838205,0.95872796682,0.0,0.04127203318,0.5,0.97936398341
20170616,5,3.04501051943494,0.96205099105,0.0,0.03794900895,0.5,0.98102549553
20170616,6,3.393327890082309,0.95404180864,0.0,0.04595819136,0.5,0.97702090432
20170616,7,3.022018877268382,0.95169886197,0.0,0.04830113803,0.5,0.97584943099
20170616,8,2.2921520167368783,0.95066429065,0.0,0.04933570935,0.5,0.97533214533
20170616,9,10.330850657573624,0.94875553348,0.0,0.05124446652,0.5,0.97437776674
20170616,10,1.3876405951357063,0.59880529627,0.0,0.40119470373,0.5,0.79940264814
20170616,11,1.4602986973926588,0.67664623176,0.0,0.32335376824,0.5,0.83832311588
20170616,12,1.3695749908146786,0.86237839915,0.0,0.13762160085,0.5,0.93118919958
20170616,13,1.7469116348561624,0.90031871852,0.0,0.09968128148,0.5,0.95015935926
20170616,14,2.178268123510358,0.92013696142,0.0,0.07986303858,0.5,0.96006848071
20170616,15,10.602102818273883,0.93147967545,0.0,0.06852032455,0.5,0.96573983773