day,hour,Final Reading, belief,disbelief,uncertainity,atomicity,expectation
20170611,3,65.75453504338078,0.9595976371,0.0,0.0404023629,0.5,0.97979881855
20170611,4,72.25219707803517,0.77827705057,0.0,0.22172294943,0.5,0.88913852529