day,hour,Final Reading, belief,disbelief,uncertainity,atomicity,expectation
20170608,13,16.296811961833175,0.9307659023,0.0,0.0692340977,0.5,0.96538295115
20170608,14,21.274351219733653,0.83354498169,0.0,0.16645501831,0.5,0.91677249085
20170608,15,21.220685195693846,0.7482024829,0.0,0.2517975171,0.5,0.87410124145
20170608,16,26.578070746173296,0.74993592948,0.0,0.25006407052,0.5,0.87496796474
20170608,17,24.156502573310505,0.61204841611,0.0,0.38795158389,0.5,0.80602420806
20170608,18,27.05224165033775,0.49072387313,0.0,0.50927612687,0.5,0.74536193657
20170608,19,27.513664334728702,0.44652370914,0.0,0.55347629086,0.5,0.72326185457
20170608,20,37.922784954560555,0.27252786541,0.0,0.72747213459,0.5,0.63626393271