day,hour,Final Reading, belief,disbelief,uncertainity,atomicity,expectation
20170616,3,22.18268218398037,0.96431289569,0.0,0.03568710431,0.5,0.98215644785
20170616,4,6.052682965690366,0.57479652556,0.0,0.42520347444,0.5,0.78739826278
20170616,5,14.003302220776193,0.84953674825,0.0,0.15046325175,0.5,0.92476837413
20170616,6,3.485656815158693,0.716246185,0.0,0.283753815,0.5,0.8581230925
20170616,7,2.973488739787022,0.85828847873,0.0,0.14171152127,0.5,0.92914423937
20170616,8,2.2368003632815667,0.89746156893,0.0,0.10253843107,0.5,0.94873078446
20170616,9,1.8581202830407084,0.91681219499,0.0,0.08318780501,0.5,0.9584060975
20170616,10,1.4149009033822932,0.9220870788,0.0,0.0779129212,0.5,0.9610435394
20170616,11,1.3763131134539135,0.92637901816,0.0,0.07362098184,0.5,0.96318950908
20170616,12,1.3603811871947307,0.93135412869,0.0,0.06864587131,0.5,0.96567706435
20170616,13,1.7434145833605141,0.93391550529,0.0,0.06608449471,0.5,0.96695775265
20170616,14,2.1764564488132594,0.93603440978,0.0,0.06396559022,0.5,0.96801720489
20170616,15,15.76847954473535,0.93896533174,0.0,0.06103466826,0.5,0.96948266587