day,hour,Final Reading, belief,disbelief,uncertainity,atomicity,expectation
20170616,3,22.182682183980372,0.9643128957,0.0,0.0356871043,0.5,0.98215644785
20170616,4,6.052682965690366,0.57479652556,0.0,0.42520347444,0.5,0.78739826278
20170616,5,3.0414327873995552,0.84953674825,0.0,0.15046325175,0.5,0.92476837413
20170616,6,3.401237155359836,0.87995436705,0.0,0.12004563295,0.5,0.93997718353
20170616,7,2.9586842280114185,0.90541060513,0.0,0.09458939487,0.5,0.95270530257
20170616,8,2.2326504102568387,0.92196482428,0.0,0.07803517572,0.5,0.96098241214
20170616,9,1.943085195093994,0.93347401148,0.0,0.06652598852,0.5,0.96673700574
20170616,10,1.4857424807718347,0.93829955291,0.0,0.06170044709,0.5,0.96914977646
20170616,11,1.4379902286871276,0.93980697555,0.0,0.06019302445,0.5,0.96990348778
20170616,12,1.3661910536964392,0.94027670642,0.0,0.05972329358,0.5,0.97013835321
20170616,13,1.7453027743427547,0.93859453222,0.0,0.06140546778,0.5,0.96929726611
20170616,14,2.1776958850553814,0.93857938241,0.0,0.06142061759,0.5,0.96928969121
20170616,15,15.82320118112943,0.94029854185,0.0,0.05970145815,0.5,0.97014927092