day,hour,Final Reading, belief,disbelief,uncertainity,atomicity,expectation
20170624,3,77.99379226055001,0.9787156479,0.0,0.0212843521,0.5,0.98935782395
20170624,4,12.507915555084548,0.40357998539,0.0,0.59642001461,0.5,0.7017899927
20170624,5,10.526785930067597,0.52829006464,0.0,0.47170993536,0.5,0.76414503232
20170624,6,8.967830120611467,0.67356861131,0.0,0.32643138869,0.5,0.83678430566
20170624,7,7.61814961103089,0.76043101582,0.0,0.23956898418,0.5,0.88021550791
20170624,8,7.965550295523788,0.83253834761,0.0,0.16746165239,0.5,0.91626917381
20170624,9,64.23089161049172,0.8822400004,0.0,0.1177599996,0.5,0.9411200002