day,hour,Final Reading, belief,disbelief,uncertainity,atomicity,expectation
20170624,3,77.99379226055001,0.9787156479,0.0,0.0212843521,0.5,0.98935782395
20170624,4,12.507915555084546,0.40357998538,0.0,0.59642001462,0.5,0.70178999269
20170624,5,10.526785930067597,0.52829006464,0.0,0.47170993536,0.5,0.76414503232
20170624,6,8.967830120611467,0.6735686113,0.0,0.3264313887,0.5,0.83678430565
20170624,7,7.61814961103089,0.76043101581,0.0,0.23956898419,0.5,0.88021550791
20170624,8,7.96555029552379,0.83253834761,0.0,0.16746165239,0.5,0.91626917381
20170624,9,64.23089161049171,0.8822400004,0.0,0.1177599996,0.5,0.9411200002