day,hour,Final Reading, belief,disbelief,uncertainity,atomicity,expectation
20170624,3,108.67240145902412,0.98341286998,0.0,0.01658713002,0.5,0.99170643499