day,hour,Final Reading, belief,disbelief,uncertainity,atomicity,expectation
20170616,3,107.23835632963443,0.97261624425,0.0,0.02738375575,0.5,0.98630812213