day,hour,Final Reading, belief,disbelief,uncertainity,atomicity,expectation
20170618,3,118.45176423113911,0.97029786279,0.0,0.02970213721,0.5,0.9851489314