day,hour,Final Reading, belief,disbelief,uncertainity,atomicity,expectation
20170618,3,36.76108341511797,0.97029786279,0.0,0.02970213721,0.5,0.9851489314
20170618,4,35.70581819974172,0.60652986891,0.0,0.39347013109,0.5,0.80326493446