day,hour,Final Reading, belief,disbelief,uncertainity,atomicity,expectation
20170616,3,14.50897854205441,0.9643128957,0.0,0.0356871043,0.5,0.98215644785
20170616,4,11.465597293897206,0.90582495389,0.0,0.09417504611,0.5,0.95291247694
20170616,5,3.431197322337775,0.82540711353,0.0,0.17459288647,0.5,0.91270355676
20170616,6,3.548049700565195,0.86319724189,0.0,0.13680275811,0.5,0.93159862095
20170616,7,3.0496821702594623,0.91174431575,0.0,0.08825568425,0.5,0.95587215788
20170616,8,2.3000425816705663,0.92888376871,0.0,0.07111623129,0.5,0.96444188436
20170616,9,8.807119465037593,0.9375505573,0.0,0.0624494427,0.5,0.96877527865