day,hour,Final Reading, belief,disbelief,uncertainity,atomicity,expectation
20170616,3,14.508978542054408,0.9643128957,0.0,0.0356871043,0.5,0.98215644785
20170616,4,5.0319329965984485,0.90582495389,0.0,0.09417504611,0.5,0.95291247694
20170616,5,3.045942352275641,0.94453866285,0.0,0.05546133715,0.5,0.97226933143
20170616,6,3.3848592478170207,0.94150426343,0.0,0.05849573657,0.5,0.97075213172
20170616,7,3.020825141412101,0.94415788316,0.0,0.05584211684,0.5,0.97207894158
20170616,8,2.2933169523699757,0.94640170049,0.0,0.05359829951,0.5,0.97320085025
20170616,9,8.88313949961752,0.94653867365,0.0,0.05346132635,0.5,0.97326933683