day,hour,Final Reading, belief,disbelief,uncertainity,atomicity,expectation
20170618,3,84.36735593844486,0.96835335142,0.0,0.03164664858,0.5,0.98417667571