day,hour,Final Reading, belief,disbelief,uncertainity,atomicity,expectation
20170624,3,102.76725660202953,0.98797942754,0.0,0.01202057246,0.5,0.99398971377
20170624,4,68.1610109115075,0.54452366758,0.0,0.45547633242,0.5,0.77226183379
20170624,5,11.169080604416157,0.30463494254,0.0,0.69536505746,0.5,0.65231747127
20170624,6,9.467072054394434,0.32222419481,0.0,0.67777580519,0.5,0.66111209741
20170624,7,7.448540761190519,0.46058098611,0.0,0.53941901389,0.5,0.73029049306
20170624,8,8.044450845317133,0.52929977156,0.0,0.47070022844,0.5,0.76464988578
20170624,9,8.554614537530991,0.57100052675,0.0,0.42899947325,0.5,0.78550026338
20170624,10,8.64197308269138,0.62217036418,0.0,0.37782963582,0.5,0.81108518209
20170624,11,8.19053232834865,0.68092759069,0.0,0.31907240931,0.5,0.84046379535
20170624,12,8.623408700875007,0.72371060293,0.0,0.27628939707,0.5,0.86185530147
20170624,13,8.7483077955136,0.75233796686,0.0,0.24766203314,0.5,0.87616898343
20170624,14,8.337029925856237,0.81139493487,0.0,0.18860506513,0.5,0.90569746744
20170624,15,84.47253597035218,0.83858735162,0.0,0.16141264838,0.5,0.91929367581