day,hour,Final Reading, belief,disbelief,uncertainity,atomicity,expectation
20170616,3,129.08356572847052,0.96431289569,0.0,0.03568710431,0.5,0.98215644785