day,hour,Final Reading, belief,disbelief,uncertainity,atomicity,expectation
20170616,3,30.323804695677133,0.97996040895,0.0,0.02003959105,0.5,0.98998020448
20170616,4,29.31802861651038,0.75344734969,0.0,0.24655265031,0.5,0.87672367485
20170616,5,12.961742394934326,0.47958854527,0.0,0.52041145473,0.5,0.73979427264
20170616,6,28.143126994908265,0.43027651987,0.0,0.56972348013,0.5,0.71513825994