day,hour,Final Reading, belief,disbelief,uncertainity,atomicity,expectation
20170623,3,117.10504830173531,0.99282418271,0.0,0.00717581729,0.5,0.99641209136
20170623,4,115.71658187299423,0.79550017496,0.0,0.20449982504,0.5,0.89775008748
20170623,5,72.25331433629924,0.61670667134,0.0,0.38329332866,0.5,0.80835333567
20170623,6,47.500395257485614,0.53398445794,0.0,0.46601554206,0.5,0.76699222897
20170623,7,69.89857944074953,0.56908659883,0.0,0.43091340117,0.5,0.78454329942
20170623,8,11.04233732749536,0.46442545202,0.0,0.53557454798,0.5,0.73221272601
20170623,9,11.85676512340346,0.47243717674,0.0,0.52756282326,0.5,0.73621858837
20170623,10,12.21166259727003,0.48047811364,0.0,0.51952188636,0.5,0.74023905682
20170623,11,13.030833738774303,0.48926223886,0.0,0.51073776114,0.5,0.74463111943
20170623,12,13.107758715048156,0.50266702665,0.0,0.49733297335,0.5,0.75133351333
20170623,13,11.901690097146572,0.51788746305,0.0,0.48211253695,0.5,0.75894373153
20170623,14,11.332386617249163,0.52837561873,0.0,0.47162438127,0.5,0.76418780937
20170623,15,11.711084447930745,0.53799366445,0.0,0.46200633555,0.5,0.76899683223
20170623,16,87.68270071462378,0.96122922646,0.0,0.03877077354,0.5,0.98061461323
20170623,17,50.80429937306025,0.48246692927,0.0,0.51753307073,0.5,0.74123346464
20170623,18,10.515928776975155,0.37220273153,0.0,0.62779726847,0.5,0.68610136576
20170623,19,11.939793635264886,0.38260205621,0.0,0.61739794379,0.5,0.69130102811
20170623,20,13.61765544076039,0.39562251992,0.0,0.60437748008,0.5,0.69781125996
20170623,21,14.704829717953046,0.40855046385,0.0,0.59144953615,0.5,0.70427523193
20170623,22,14.455018114291237,0.4245683158,0.0,0.5754316842,0.5,0.7122841579
20170623,23,14.207657478496182,0.43909606873,0.0,0.56090393127,0.5,0.71954803437
20170624,0,14.728593193993632,0.47053899026,0.0,0.52946100974,0.5,0.73526949513
20170624,1,54.905743179859954,0.52130837701,0.0,0.47869162299,0.5,0.76065418851
20170624,2,55.04568913666834,0.489259907,0.0,0.510740093,0.5,0.7446299535
20170624,3,12.740605578268475,0.36545481677,0.0,0.63454518323,0.5,0.68272740839
20170624,4,97.85031135781743,0.565428982,0.0,0.434571018,0.5,0.782714491