day,hour,Final Reading, belief,disbelief,uncertainity,atomicity,expectation
20170624,3,40.131845723755575,0.97114689547,0.0,0.02885310453,0.5,0.98557344774
20170624,4,11.870199878433576,0.63981514961,0.0,0.36018485039,0.5,0.81990757481
20170624,5,10.231674414403184,0.82606266409,0.0,0.17393733591,0.5,0.91303133205
20170624,6,8.899508235588065,0.88361522828,0.0,0.11638477172,0.5,0.94180761414
20170624,7,7.691154784771848,0.92899988581,0.0,0.07100011419,0.5,0.96449994291
20170624,8,8.05762689154152,0.94667582946,0.0,0.05332417054,0.5,0.97333791473
20170624,9,35.9514099180808,0.95661514558,0.0,0.04338485442,0.5,0.97830757279